compound_id,InChIKey,canonical_smiles,scaffold,exact_scaffold_hit,similar_scaffold_hit,Note
1625,VWYANPOOORUCFJ-UHFFFAOYSA-N,CC(C)C1CCC2C1(C)CCC1(C)C3CCC4C(C)(CCC(O)C4(C)C)C3=CCC21C,C1=C2C3CCCCC3CCC2C2CCC3CCCC3C2C1,FALSE,TRUE,Similar
1843,KJXUHHARWYEHNL-UHFFFAOYSA-N,CC(C)C1CC(O)C2C1(CO)CCC1(C)C3C(=CCC21C)C1(C)CC(O)C(O)C(C)(C)C1CC3O,C1=C2C3CCCCC3CCC2C2CCC3CCCC3C2C1,FALSE,TRUE,Similar
1921,PZBGHZIQCYOWLL-UHFFFAOYSA-N,CC(C)C1CC(O)C2C1(C)CCC1(C)C3C(=CCC21C)C1(C)CCC(O)C(C)(C)C1CC3O,C1=C2C3CCCCC3CCC2C2CCC3CCCC3C2C1,FALSE,TRUE,Similar
2072,YALFFHSIVPCNLF-UHFFFAOYSA-N,C=C(C)C1CCC2(C)CCC(O)C2(C(C)=O)C1,C1CCC2CCCC2C1,FALSE,TRUE,Similar
2085,JTXWJQOIXGIONJ-UHFFFAOYSA-N,CC(C)C1CC(O)C2C1(CO)CCC1(C)C3C(=CCC21C)C1(C)CCC(O)C(C)(C)C1CC3O,C1=C2C3CCCCC3CCC2C2CCC3CCCC3C2C1,FALSE,TRUE,Similar
2269,PGQHNWFAZVHVPQ-UHFFFAOYSA-N,CC(C)C1CC(O)C2C1(C)CCC1(C)C3C(=CCC21C)C1(C)CC(O)C(O)C(C)(C)C1CC3O,C1=C2C3CCCCC3CCC2C2CCC3CCCC3C2C1,FALSE,TRUE,Similar
2397,MRNPHCMRIQYRFU-UHFFFAOYSA-N,COC1CCC2(C)C3=CCC4(C)C5CCC(C(C)C)C5(C)CCC4(C)C3CCC2C1(C)C,C1=C2C3CCCCC3CCC2C2CCC3CCCC3C2C1,FALSE,TRUE,Similar
3116,WQWTUUFHPFYTRZ-UHFFFAOYSA-N,CC(=O)OC1CCC2(C)C3=CCC4(C)C5CCC(C(C)C)C5(C)CCC4(C)C3CCC2C1(C)C,C1=C2C3CCCCC3CCC2C2CCC3CCCC3C2C1,FALSE,TRUE,Similar
3648,XUVQJFBJHKRROA-UHFFFAOYSA-N,CC(C)C1CCC2(C)C(O)CCC(C)(O)C(O)C12,C1CCC2CCCC2CC1,FALSE,TRUE,Similar
3960,LLPFSRAEGGPMHE-UHFFFAOYSA-N,CC(C)C1CCC2(O)C(O)CCC(C)(O)C(O)C12,C1CCC2CCCC2CC1,FALSE,TRUE,Similar
4024,PLLSZDUGGPZQOO-UHFFFAOYSA-N,CC(C)C1CCC(O)C2CCC(C=O)C12,C1CCC2CCCC2C1,FALSE,TRUE,Similar
6194,DLURQEMMMGZLDY-UHFFFAOYSA-N,CC1(Cl)CCC(O)(C2(C)C(O)CC(Br)C2(C)C)CC1Br,C1CCC(C2CCCC2)CC1,FALSE,TRUE,Similar
6255,AALBGIFTYSUZNT-UHFFFAOYSA-N,CC1(C)CC2C(O)C(O)CC(C)(CCO)C2C1,C1CCC2CCCC2C1,FALSE,TRUE,Similar
6270,JJIDHOHXEQUISB-UHFFFAOYSA-N,CC1(Cl)CCC(O)(C2(C)CCC(Br)C2(C)C)CC1Br,C1CCC(C2CCCC2)CC1,FALSE,TRUE,Similar
6819,ZQAHQWWQIABQLT-UHFFFAOYSA-N,CC1(C)CC2C(O)C(O)CC(C)(CCOC(=O)C(C)(C)C)C2C1,C1CCC2CCCC2C1,FALSE,TRUE,Similar
6834,SKPUHXLYHIKKLH-UHFFFAOYSA-N,CC(=O)OCCC1(C)CC(OC(C)=O)C(OC(C)=O)C2CC(C)(C)CC21,C1CCC2CCCC2C1,FALSE,TRUE,Similar
6837,YZHYAKQANFUWDQ-UHFFFAOYSA-N,CC(=O)OC1CC(C)(Cl)C(Br)CC1(O)C1(C)C(O)CC(Br)C1(C)C,C1CCC(C2CCCC2)CC1,FALSE,TRUE,Similar
8768,CURUTKGFNZGFSE-UHFFFAOYSA-N,CCN(CC)CCOC(=O)C1(C2CCCCC2)CCCCC1,C1CCC(C2CCCCC2)CC1,FALSE,TRUE,Similar
10167,XKYZQPLLLQGSRQ-UHFFFAOYSA-N,CC(C)C1CCC2(C(=O)O)CCC3(C)C(=CCC4C5(C)CC(O)C(O)C(C)(C)C5CCC43C)C12,C1=C2C3CCCC3CCC2C2CCC3CCCCC3C2C1,FALSE,TRUE,Similar
10352,SEUSNJUQUVUXAA-UHFFFAOYSA-N,CC(C)C1CC(O)C2C1(C)CCC1(C)C3CCC4C(C)(CCC(O)C4(C)C)C3=CCC21C,C1=C2C3CCCCC3CCC2C2CCC3CCCC3C2C1,FALSE,TRUE,Similar
10417,AZRLXPLRYMPSOI-UHFFFAOYSA-N,CC(C)C1CCC2(C)C(O)CC3(C)C(=CCC4C5(C)CCC(O)C(C)(C)C5CCC43C)C12,C1=C2C3CCCC3CCC2C2CCC3CCCCC3C2C1,FALSE,TRUE,Similar
11057,IAPXYCMXNFXQLY-UHFFFAOYSA-N,CC(=O)OC1CCC2(C)C(CCC3(C)C2CC=C2C4C(C(C)C)CCC4(C)CCC23C)C1(C)C,C1=C2C3CCCC3CCC2C2CCC3CCCCC3C2C1,FALSE,TRUE,Similar
11529,YVFUWFRLVWFNLF-UHFFFAOYSA-N,C=C(C)C1CCC2(C(=O)O)CCC3(C)C(=CCC4C5(C)CC(O)C(O)C(C)(C)C5CCC43C)C12,C1=C2C3CCCC3CCC2C2CCC3CCCCC3C2C1,FALSE,TRUE,Similar
11993,JQHTXZNYHSCIFE-UHFFFAOYSA-N,CC(C)(O)CC1CCC2(C)C(O)CCC(C)(O)C12,C1CCC2CCCC2C1,FALSE,TRUE,Similar
12532,VYOZKWKETGHHDW-UHFFFAOYSA-N,C=C(C)C1CCC(C)(O)C2CCC(C)C2C1,C1CCC2CCCC2CC1,FALSE,TRUE,Similar
14349,PLBUOEGUHNLVRB-UHFFFAOYSA-N,CC(=O)OC1CCC2(C)C3=CCC4C5C(C(C)C)CCC5(C)CCC4(C)C3(C)CCC2C1(C)C,C1=C2C3CCCCC3CCC2C2CCC3CCCC3C2C1,FALSE,TRUE,Similar
14655,DKVGZFGCLJVLKK-UHFFFAOYSA-N,CC(C)C1CC(O)C2C1(CO)CCC1(C)C3CCC4C(C)(CCC(O)C4(C)C)C3=CCC21C,C1=C2C3CCCCC3CCC2C2CCC3CCCC3C2C1,FALSE,TRUE,Similar
15921,NPBYTIHOCDRNRJ-UHFFFAOYSA-N,CC(=O)OC1CCC(C)(O)C2C(CC(C)(C)O)CCC12C,C1CCC2CCCC2C1,FALSE,TRUE,Similar
16911,FKMCEEHVCIIPLE-UHFFFAOYSA-N,CC(C)=CC1CCC2(C)C(O)CCC(C)(O)C12,C1CCC2CCCC2C1,FALSE,TRUE,Similar
18620,MVIRDLIVVBWEQK-UHFFFAOYSA-N,CC(=O)C12CC(C(C)(C)O)CCC1(C)CCC2O,C1CCC2CCCC2C1,FALSE,TRUE,Similar
18846,ARUKYTASOALXFG-UHFFFAOYSA-N,C1CCCC(C2CCCCCC2)CC1,C1CCCC(C2CCCCCC2)CC1,FALSE,TRUE,Similar
20551,MGVRARFPKYMFHG-UHFFFAOYSA-N,C=C(C)C1CCC2(CO)CCC3(CO)C(=CCC4C5(C)CCC(O)C(C)(C)C5CCC43C)C12,C1=C2C3CCCC3CCC2C2CCC3CCCCC3C2C1,FALSE,TRUE,Similar
20810,BNRNAKTVFSZAFA-UHFFFAOYSA-N,C1CCC2CCCC2C1,C1CCC2CCCC2C1,FALSE,TRUE,Similar
22129,RQHOQQOEZPFYTD-UHFFFAOYSA-N,C=C(C)C1CCC(C)(O)C2CCC(C)(O)C2C1,C1CCC2CCCC2CC1,FALSE,TRUE,Similar
22299,YBRJHZPWOMJYKQ-UHFFFAOYSA-N,CC1(C)CC2C3=CCC4C5(C)CCC(O)C(C)(C)C5CCC4(C)C3(C)CCC2(C(=O)O)C1,C1=C2C3CCCC3CCC2C2CCC3CCCCC3C2C1,FALSE,TRUE,Similar
22322,KOQBBUWNLZFEMV-UHFFFAOYSA-N,CC(C)C1CCC2(C(=O)O)CCC3(C)C(=CCC4C5(C)CCC(O)C(C)(C)C5CCC43C)C12,C1=C2C3CCCC3CCC2C2CCC3CCCCC3C2C1,FALSE,TRUE,Similar
22637,ZHDRLFGZQZCZKX-UHFFFAOYSA-N,CC(C)C1CCC2C1(C)CCC1(C)C3CCC4C(C)(C)CCCC4(C)C3=CCC21C,C1=C2C3CCCCC3CCC2C2CCC3CCCC3C2C1,FALSE,TRUE,Similar
22721,QAQCPAHQVOKALN-UHFFFAOYSA-N,CC(C)C1CCC(C)C2CCC(C)C2C1,C1CCC2CCCC2CC1,FALSE,TRUE,Similar
22722,SSCVGFQOFLDIGI-UHFFFAOYSA-N,CC(=O)C1C(C(C)C)CCC2(C)CCCC12,C1CCC2CCCC2C1,FALSE,TRUE,Similar
22904,MAZFBCJNIUKTID-UHFFFAOYSA-N,CC(C)C1(O)CCC(C)(O)C2CCC(C)(O)C2C1O,C1CCC2CCCC2CC1,FALSE,TRUE,Similar
23394,FOFPZJOWGBADIY-UHFFFAOYSA-N,CC1(C)CCCC1C1CCCCC1,C1CCC(C2CCCC2)CC1,FALSE,TRUE,Similar
23691,WLXJHVQYKOJBBN-UHFFFAOYSA-N,CC(=O)C1CCC2C1C(C(C)C)CCC2(C)O,C1CCC2CCCC2C1,FALSE,TRUE,Similar
25953,WVIIMZNLDWSIRH-UHFFFAOYSA-N,C1CCC(C2CCCCC2)CC1,C1CCC(C2CCCCC2)CC1,FALSE,TRUE,Similar
26346,YCHDRKAWJJJVIH-UHFFFAOYSA-N,C=C(C)C1CCC(C)C2(O)CCC(C)C2C1,C1CCC2CCCC2CC1,FALSE,TRUE,Similar
27425,JBMKRBYWTDYYDW-UHFFFAOYSA-N,CC(=O)OCC12CCC3(C)C4C(=CCC3(C)C1C(O)CC2C(C)C)C1(C)CC(O)C(O)C(C)(C)C1CC4O,C1=C2C3CCCCC3CCC2C2CCC3CCCC3C2C1,FALSE,TRUE,Similar
27756,FQHMGDGIXBLTOA-UHFFFAOYSA-N,CC(C)C1CCC2C1(C)CCC1(C)C3C(=CCC21C)C1(C)CCC(O)C(C)(C)C1CC3O,C1=C2C3CCCCC3CCC2C2CCC3CCCC3C2C1,FALSE,TRUE,Similar
29219,ZXWHFWJXLBFYEO-UHFFFAOYSA-N,CC(C)=CCCC(C)=CC1CCC2(C)C(Br)CCC(C)(O)C12,C1CCC2CCCC2C1,FALSE,TRUE,Similar
31106,QGALFKRHZSPTEG-UHFFFAOYSA-N,CC(C)=CC1C(C)CCC2C(C)CCC12O,C1CCC2CCCC2C1,FALSE,TRUE,Similar
31568,SITKOPDZOGHVLY-UHFFFAOYSA-N,CC1CCCC(C)C2CC(C)(C)C2CC1,C1CCCC2CCC2CCC1,FALSE,TRUE,Similar
31720,OFGCDEUJOOZBRL-UHFFFAOYSA-N,C=C(C)C1CCC(C)(OC)C2CCC(C)C2C1,C1CCC2CCCC2CC1,FALSE,TRUE,Similar
33016,LSACXWBGTOJFEP-UHFFFAOYSA-N,CC(C)C1CCC2(C)CCC3(C)C(=CCC4C5(C)CCC(O)C(C)(C)C5CCC43C)C12,C1=C2C3CCCC3CCC2C2CCC3CCCCC3C2C1,FALSE,TRUE,Similar
33520,QHMVDJGMBDTIEY-UHFFFAOYSA-N,C=C(C(=O)O)C1CCC2(C)CCC(O)C2(C(C)=O)C1,C1CCC2CCCC2C1,FALSE,TRUE,Similar
33718,CXQOZINRAFPQEX-UHFFFAOYSA-N,CC(C)C1CCC(C)(O)C2CCC(C)(O)C2C1O,C1CCC2CCCC2CC1,FALSE,TRUE,Similar
33786,OOVYFGQDUNZBAS-UHFFFAOYSA-N,CC(C)(O)CC1CCC2(C)C(O)C(O)CC(C)(O)C12,C1CCC2CCCC2C1,FALSE,TRUE,Similar
33920,PZXKVMLXLHHEGS-UHFFFAOYSA-N,CC(C)C1CCC2C1(C)CCC1(C)C3CCC4C(C)(CCC(C)C4(C)C)C3=CCC21C,C1=C2C3CCCCC3CCC2C2CCC3CCCC3C2C1,FALSE,TRUE,Similar
34434,JOARPSTUQGJONT-UHFFFAOYSA-N,CC(C)=CC1(O)C(C)CCC2C(C)CCC21,C1CCC2CCCC2C1,FALSE,TRUE,Similar
39989,TUCSIUBDOHTKKQ-UHFFFAOYSA-N,C=CC1(O)CCC2(C)C(C)CCC2(C)C1C,C1CCC2CCCC2C1,FALSE,TRUE,Similar
40681,DSIZXZISLDRGBM-UHFFFAOYSA-N,CC1CCC2C(C)CCCC(C)(C)C2C1,C1CCC2CCCCC2CC1,FALSE,TRUE,Similar
41477,TUKMYOLTOOBHQF-UHFFFAOYSA-N,CC(C)C1CCC(C)C2CCCC2(C)C1,C1CCC2CCCC2CC1,FALSE,TRUE,Similar
41765,HASSBFRDJUITDM-UHFFFAOYSA-N,CC(C)(O)C1CC2C(CCC2(C)O)C(C)(O)CC1O,C1CCC2CCCC2CC1,FALSE,TRUE,Similar
42369,CGKHVNUMMHTZJY-UHFFFAOYSA-N,C=C(C)C1C(O)CC2(C)C1CCC(C)(O)C2C,C1CCC2CCCC2C1,FALSE,TRUE,Similar
42518,SJFIYVCSGNWVPJ-UHFFFAOYSA-N,CC(=O)OC1CC(C)C(C=O)C2(O)C1C(C)(C)CC2(C)C=O,C1CCC2CCCC2C1,FALSE,TRUE,Similar
44009,SARMJLPHTLNPQI-UHFFFAOYSA-N,CC=C(C)C(=O)OC1CC2(C)CCC(C(C)C)C2(O)CCC1(C)O,C1CCC2CCCC2CC1,FALSE,TRUE,Similar
45730,PECCCWAOADXQBC-UHFFFAOYSA-N,C=C(C)CC1CCC2(C)C(O)CCC(C)(O)C12,C1CCC2CCCC2C1,FALSE,TRUE,Similar
53249,XQKXCKCZBAMERY-UHFFFAOYSA-N,CC(C)C1CC(C)(C)CC2(O)C(C)(O)C(Cl)CC12O,C1CCC2CCCC2C1,FALSE,TRUE,Similar
60041,JSANAILUYYDJOG-UHFFFAOYSA-N,C=C(C(=O)O)C1CCC(C)C2CCC(OC(C)=O)C2(C)C1,C1CCC2CCCC2CC1,FALSE,TRUE,Similar
60144,VTJQRZKWDGRSMU-UHFFFAOYSA-N,C=C(C(=O)O)C1CCC(C)C2CCC(O)C2(C)C1,C1CCC2CCCC2CC1,FALSE,TRUE,Similar
62673,IDFYSKLLXDETRG-UHFFFAOYSA-N,CC(C)C1CCC2C1(C)CCC1(C)C3CCC4C(C)(C)CCCC4(C(=O)O)C3=CCC21C,C1=C2C3CCCCC3CCC2C2CCC3CCCC3C2C1,FALSE,TRUE,Similar
63671,CZXKCKSITMMTPE-UHFFFAOYSA-N,CC(=O)C1CC2C(C)(N=C=S)CCC(C(C)C)C2(O)C1O,C1CCC2CCCC2C1,FALSE,TRUE,Similar
63707,PUQRTRWMWYNMDM-UHFFFAOYSA-N,CC(=O)C12CCCC1(C)CCC(C(C)C)C2,C1CCC2CCCC2C1,FALSE,TRUE,Similar
64623,YEZCFSPPFDTKFE-UHFFFAOYSA-N,CC(=O)OC1CC2C(C)(C)CC(C)(C=O)C2(O)C(C=O)C1C,C1CCC2CCCC2C1,FALSE,TRUE,Similar
67027,AFKMHDZOVNDWLO-UHFFFAOYSA-N,OC1CCC(C2CCCCC2)CC1,C1CCC(C2CCCCC2)CC1,FALSE,TRUE,Similar
69192,LFAYEJZQNPMJBD-UHFFFAOYSA-N,C=C(C)C1CC(O)C2(C(C)=O)CCC(C)C2C1,C1CCC2CCCC2C1,FALSE,TRUE,Similar
70069,OGANGEPKFAUGDC-UHFFFAOYSA-N,CC(=O)OC1CC(C)C(C=O)C2(O)C1C(C)(C)CC2(C)C(=O)O,C1CCC2CCCC2C1,FALSE,TRUE,Similar
70153,HUQLDUXYHVFPRA-UHFFFAOYSA-N,CC(C)C(=O)C1CCC2(O)CCCC(C)C12C,C1CCC2CCCC2C1,FALSE,TRUE,Similar
71027,FBKFZIGTPRAJFI-UHFFFAOYSA-N,CC(C)C1CCC(C)(O)C2CCC(C(=O)CO)C12,C1CCC2CCCC2C1,FALSE,TRUE,Similar
71403,NEJWBGSUEYGAGE-UHFFFAOYSA-N,CC(C)=CC1CCC2(C)C(Br)CCC(C)(O)C12,C1CCC2CCCC2C1,FALSE,TRUE,Similar
73827,JWQDJXFGFNQZNP-UHFFFAOYSA-N,CC(C(=O)O)C1(O)CCC2C3=CCC4C5(C)CC(O)C(O)C(C)(C)C5CCC4(C)C3(C)CCC21C,C1=C2C3CCCC3CCC2C2CCC3CCCCC3C2C1,FALSE,TRUE,Similar
74506,VBXAFEYVTZXMPM-UHFFFAOYSA-N,CC1CC(O)C2C(C)(C)CC(C)(C(=O)O)C2(O)C1C=O,C1CCC2CCCC2C1,FALSE,TRUE,Similar
75285,DZXAXKUHDLGMSG-UHFFFAOYSA-N,COC(=O)C1C(C)CC(OC(C)=O)C2C(C)(C)CC(C)(CO)C12O,C1CCC2CCCC2C1,FALSE,TRUE,Similar
76535,NTSNDVXMQVLQPO-UHFFFAOYSA-N,CC1CCC(O)(C2CC2)CC1O,C1CCC(C2CC2)CC1,FALSE,TRUE,Similar
77246,CFSDWXPIIWGIDB-UHFFFAOYSA-N,CC(C)C1CCC2C3=CCC4C5(C)CCCC(C)(C)C5CCC4(C)C3(C)CCC21C,C1=C2C3CCCC3CCC2C2CCC3CCCCC3C2C1,FALSE,TRUE,Similar
77459,VMHVLIDJNCCRLE-UHFFFAOYSA-N,C=C(C)C(=O)C1CCC2(O)CCCC(C)C12C,C1CCC2CCCC2C1,FALSE,TRUE,Similar
77763,VZFZTNQVDXDENW-UHFFFAOYSA-N,CC(C)C1(O)CCC2(C)CCCC(C)(O)C(O)C21,C1CCC2CCCC2CC1,FALSE,TRUE,Similar
77814,WTQQWFFTXHFCPX-UHFFFAOYSA-N,CC(C)C1(O)C(O)CC2(C)CCC(CO)CCC21,C1CCC2CCCC2CC1,FALSE,TRUE,Similar
78964,FXWAZZIXKNFADB-UHFFFAOYSA-N,CC(C)C1CCC2C1(CO)CCC1(C)C3CCC4C(C)(C)CCCC4(C)C3=CCC21C,C1=C2C3CCCCC3CCC2C2CCC3CCCC3C2C1,FALSE,TRUE,Similar
79108,JNGBHARWIKYVCH-UHFFFAOYSA-N,CC(C)C1CCC2C1(C)CCC1(C)C3CC(O)C4C(C)(C)CCCC4(C)C3=CCC21C,C1=C2C3CCCCC3CCC2C2CCC3CCCC3C2C1,FALSE,TRUE,Similar
79408,IFWDCMIBLSJBHT-UHFFFAOYSA-N,CC(C)C1CCC2C3=CCC4C5(C)CCC(O)C(C)(C)C5CCC4(C)C3(C)CCC21C(=O)O,C1=C2C3CCCC3CCC2C2CCC3CCCCC3C2C1,FALSE,TRUE,Similar
79628,HCLBHWFWGBSTRW-UHFFFAOYSA-N,CC=C(C)C(=O)OCC1(O)CCC(C(C)C)C2C(C(C)=O)CCC21,C1CCC2CCCC2C1,FALSE,TRUE,Similar
80476,SCPKNPXTPRNPOH-UHFFFAOYSA-N,CC(=O)C1C(O)CC2C1C(C(C)C)CCC2(C)O,C1CCC2CCCC2C1,FALSE,TRUE,Similar
80649,YZFKHBCMRCSNHK-UHFFFAOYSA-N,CC(=O)C1CC2C(C)(C)CCCC2(C)C1(O)CCC(C)=CCO,C1CCC2CCCC2C1,FALSE,TRUE,Similar
81777,GBHMZAKDHIJSRN-UHFFFAOYSA-N,C=C(C(=O)O)C1CCC(C)C2(O)CCC(O)C2(C)C1,C1CCC2CCCC2CC1,FALSE,TRUE,Similar
82177,OLOQSHYLOVYRGK-UHFFFAOYSA-N,CC(=O)OC1CC(C)C(C(=O)O)C2(O)C1C(C)(C)CC2(C)CO,C1CCC2CCCC2C1,FALSE,TRUE,Similar
83831,CNLOBBNGOUNTFT-UHFFFAOYSA-N,C=C(CCC=C(C)C)C1CCC2C(C)CCC2C(C)(O)C1,C1CCC2CCCC2CC1,FALSE,TRUE,Similar
85230,VLBHRLBDSSUVAV-UHFFFAOYSA-N,CC(C)C(=O)C1CCC2CCCC(C)C21C,C1CCC2CCCC2C1,FALSE,TRUE,Similar
86412,FAKHGLDEZGNTPR-UHFFFAOYSA-N,COCCNC(=O)CCC12CCC(C)(O)CC1C(C)(C)CC2NC(C)=O,C1CCC2CCCC2C1,FALSE,TRUE,Similar
86705,DYLYTVUZLOXMFD-UHFFFAOYSA-N,CC1CC(O)C2(C(=O)O)CCC3(C)C(=CCC4C5(C)CC(O)(C(=O)O)C(C)(C)C5CCC43C)C2C1(C)O,C1=C2C3CCCCC3CCC2C2CCC3CCCC3C2C1,FALSE,TRUE,Similar
89732,GLGDYCZNHXCMLE-UHFFFAOYSA-N,CCNC(=O)NC1C(O)C(O)CC1C1CCCCC1,C1CCC(C2CCCC2)CC1,FALSE,TRUE,Similar
94275,WPSMUSHZUADWJC-UHFFFAOYSA-N,OC1(C2(O)CCCCC2)CCCCC1,C1CCC(C2CCCCC2)CC1,FALSE,TRUE,Similar
94750,DVKUTFDQECJHHX-UHFFFAOYSA-N,CC1CCC2(C(=O)O)CC(O)C3(C)C(=CCC4C5(C)CC(O)(C(=O)O)C(C)(C)C5CCC43C)C2C1(C)O,C1=C2C3CCCCC3CCC2C2CCC3CCCC3C2C1,FALSE,TRUE,Similar
96508,CEJOUUYYJRCQKL-UHFFFAOYSA-N,[C-]#[N+]CC(C)=CC1CCC2(C)CCCC(C)C12,C1CCC2CCCC2C1,FALSE,TRUE,Similar
98272,JSAWQLUFWWPQST-UHFFFAOYSA-N,CC(C)C1CCC2C3CC=C4C(CCC5C4(C)CCC(O)C5(C)C)C3(C)CCC12C,C1=C2C3CCCCC3CCC2C2CCC3CCCC3C2C1,FALSE,TRUE,Similar
98759,KENSWEMEFBKAGS-UHFFFAOYSA-N,CC(C)C1(O)CCC2(C(=O)O)CCC3(C)C(=CCC4C5(C)CCC(O)C(C)(C)C5CCC43C)C21,C1=C2C3CCCC3CCC2C2CCC3CCCCC3C2C1,FALSE,TRUE,Similar
102941,QOVJADDWYGCNCB-UHFFFAOYSA-N,C=C(C)C1CCC2(CO)CCC3(C)C(=CCC4C5(C)CCC(O)C(C)(C)C5CCC43C)C12,C1=C2C3CCCC3CCC2C2CCC3CCCCC3C2C1,FALSE,TRUE,Similar
103579,XDDDBYWCZKMQFS-UHFFFAOYSA-N,CC(C)C1CCC(C)(O)C2CCC(C)C2C1,C1CCC2CCCC2CC1,FALSE,TRUE,Similar
107096,QGLZWJJVYUWDAC-UHFFFAOYSA-N,C=C(C)C1CCC(C)(O)C2CCC(C(C)=O)C12,C1CCC2CCCC2C1,FALSE,TRUE,Similar
107453,VUYQPQKAKQWFEC-UHFFFAOYSA-N,N#CC1(C2(C#N)CCCCC2)CCCCC1,C1CCC(C2CCCCC2)CC1,FALSE,TRUE,Similar
113941,XPEOIYWRHYTKDP-UHFFFAOYSA-N,CC(=O)C1CC2(O)C(C)CCC(C(C)C)C2C1O,C1CCC2CCCC2C1,FALSE,TRUE,Similar
114992,YPCHDQUGYDAPIS-UHFFFAOYSA-N,CC(O)(CO)C1CCC(C)(O)C2CCC(C)(O)C2C1,C1CCC2CCCC2CC1,FALSE,TRUE,Similar
115005,RDBZPQHLQRBYGV-UHFFFAOYSA-N,CC1CC(O)C2C1CC(C(C)(O)CO)CCC2(C)O,C1CCC2CCCC2CC1,FALSE,TRUE,Similar
117155,JROYJQYNQWSYIJ-UHFFFAOYSA-N,CNC1C(O)CCC2CC(CC(N)C(=O)O)(C(=O)O)CC21,C1CCC2CCCC2C1,FALSE,TRUE,Similar
119302,JAAMRJACPHHTIP-UHFFFAOYSA-N,CC(=O)OC1CC(C)(Cl)C(Br)CC1(O)C1(C)CCC(Br)C1(C)C,C1CCC(C2CCCC2)CC1,FALSE,TRUE,Similar
119424,UVYFMOMYWRYITK-UHFFFAOYSA-N,CC1(O)CCC(O)(C(C)(C)O)CC2(C)C(O)CCC12,C1CCC2CCCC2CC1,FALSE,TRUE,Similar
119816,DYINHGJSKDCGLB-UHFFFAOYSA-N,C=C(C)C(N=C=S)C1CCC2(C)CCCC(C)C12,C1CCC2CCCC2C1,FALSE,TRUE,Similar
119931,JHAWZFPZKIMQNA-UHFFFAOYSA-N,CC(=O)C1CC2C(C(C)(O)CCC=C(C)C)CCC2(C)CC1O,C1CCC2CCCC2C1,FALSE,TRUE,Similar
120557,JQVRGJMXYNVMIA-UHFFFAOYSA-N,CC1(C)CCCC2(C)C1CCC2(C)C(=O)O,C1CCC2CCCC2C1,FALSE,TRUE,Similar
120558,CNTXEQHESHSVFZ-UHFFFAOYSA-N,CC1(C)CCCC2(C)C1CCC2(C)C=O,C1CCC2CCCC2C1,FALSE,TRUE,Similar
121581,RITYTGBWLLRFSG-UHFFFAOYSA-N,CC1(Br)CCC(O)(C2(C)CCC(Br)C2(C)C)CC1Cl,C1CCC(C2CCCC2)CC1,FALSE,TRUE,Similar
123808,RNVQSRWOSYQRPA-UHFFFAOYSA-N,C=C(C)C1CCC(C)(O)C2(C)CCC(C)(O)C2(C)C1,C1CCC2CCCC2CC1,FALSE,TRUE,Similar
126053,JWJOVQPNPYQUDW-UHFFFAOYSA-N,CC(C)(O)C1CCC(C)(O)C2(C)CCC(C)(O)C2(C)C1,C1CCC2CCCC2CC1,FALSE,TRUE,Similar
126186,DHYDUAYOJJKGRC-UHFFFAOYSA-N,CC(=CC1CCC2(C)CCCC(C)C12)CSC#N,C1CCC2CCCC2C1,FALSE,TRUE,Similar
126348,OVNIGQYLWRGLAB-UHFFFAOYSA-N,CC(=O)C1CCC(Br)C2(C)CCC(C(C)C)C12,C1CCC2CCCC2C1,FALSE,TRUE,Similar
126893,XUOPWHOHGIDEAX-UHFFFAOYSA-N,C=C(C(=O)OC)C1CCC2(C)CCC(O)C2(C(C)=O)C1,C1CCC2CCCC2C1,FALSE,TRUE,Similar
127545,NHXFTAGREZWYPK-UHFFFAOYSA-N,C=C(C)C1CCC2(C)CCC3(C)C(=CCC4C5(C)CCC(O)C(C)(C)C5CCC43C)C12,C1=C2C3CCCC3CCC2C2CCC3CCCCC3C2C1,FALSE,TRUE,Similar
127677,DMVJXSFUJUHRRF-UHFFFAOYSA-N,CC(=O)OC1(C)CCC(C(C)C)C2C(C(C)=O)CCC21,C1CCC2CCCC2C1,FALSE,TRUE,Similar
127724,YLMSJTAFOFIDRW-UHFFFAOYSA-N,C=C(C(=O)O)C1CCC2(C)CCC(C(C)=O)C2(O)C1,C1CCC2CCCC2C1,FALSE,TRUE,Similar
128981,ZFDHHJKYPBEVIK-UHFFFAOYSA-N,CC(=O)OC1CCC2(C)C3=CCC4(C)C5C(O)CC(C(C)C)C5(C)CCC4(C)C3CCC2C1(C)C,C1=C2C3CCCCC3CCC2C2CCC3CCCC3C2C1,FALSE,TRUE,Similar
130710,ZQKHJAAYIFIRJZ-UHFFFAOYSA-N,COC(C)(CO)C1CCC(C)(O)C2CCC(C)(O)C2C1,C1CCC2CCCC2CC1,FALSE,TRUE,Similar
131825,NAGNILQBMVLGAF-UHFFFAOYSA-N,CC1CCC2C1CC(C(C)(C)O)CCC2(C)O,C1CCC2CCCC2CC1,FALSE,TRUE,Similar
131875,SZXOZYZKNYDKBM-UHFFFAOYSA-N,CC1CCC2C1CC(C(C)(O)COS(=O)(=O)O)CCC2(C)O,C1CCC2CCCC2CC1,FALSE,TRUE,Similar
132296,ZPYVXPAWWQZYPQ-UHFFFAOYSA-N,CC(CO)C1CCC(C)(O)C2CCC(C)C2C1,C1CCC2CCCC2CC1,FALSE,TRUE,Similar
132575,ZMKAVJLNYHOIQP-UHFFFAOYSA-N,CC1CCC2C1CC(C(C)(O)CO)CCC2(C)O,C1CCC2CCCC2CC1,FALSE,TRUE,Similar
132695,WGZJGSMZQTWTSO-UHFFFAOYSA-N,CC1CCC2(O)C1CC(C(C)(O)COS(=O)(=O)O)CCC2(C)O,C1CCC2CCCC2CC1,FALSE,TRUE,Similar
132742,GOYUTIALMJBQCT-UHFFFAOYSA-N,C=C(CO)C1CCC(C)(O)C2CCC(C)C2C1,C1CCC2CCCC2CC1,FALSE,TRUE,Similar
133372,RKZYIKOFJUIEIF-UHFFFAOYSA-N,CCCCCCCCCCCCCCCC(=O)OCC(C)(O)C1CCC(C)(O)C2CCC(C)C2C1,C1CCC2CCCC2CC1,FALSE,TRUE,Similar
133663,HQEHOUBUOJUOIA-UHFFFAOYSA-N,CC1CCC2C1C(C(C)C(=O)O)CCCC2(C)O,C1CCC2CCCC2CC1,FALSE,TRUE,Similar
134151,DSIFCBFKFVCNNU-UHFFFAOYSA-N,CC(C)C1CC(O)C2C1(C)CCC1(C)C3C(=CCC21C)C1(CO)CCC(O)C(C)(C)C1CC3O,C1=C2C3CCCCC3CCC2C2CCC3CCCC3C2C1,FALSE,TRUE,Similar
135618,IXFRQVRAVLEFDG-UHFFFAOYSA-N,CC(O)(CO)C1CCC(C)(O)C2C(O)CC(C)(O)C2C1,C1CCC2CCCC2CC1,FALSE,TRUE,Similar
136215,VSZFUFYQDUYMSE-UHFFFAOYSA-N,CC1CCC2(O)C(C)(O)CCC(C(C)(O)CO)CC12O,C1CCC2CCCC2CC1,FALSE,TRUE,Similar
136226,WTIPTDQVDAVYRV-UHFFFAOYSA-N,CC1C(O)CC2C1CC(C(C)(O)CO)CCC2(C)O,C1CCC2CCCC2CC1,FALSE,TRUE,Similar
139304,LXRZIOKOWJQSCI-UHFFFAOYSA-N,CC(C)C1CCC2C1(C)CCC1(C)C3CCC4C(C)(C(=O)O)C(O)C(O)C(O)C4(C(=O)O)C3=CCC21C,C1=C2C3CCCCC3CCC2C2CCC3CCCC3C2C1,FALSE,TRUE,Similar
139373,QVJGZOYSLNPPIA-UHFFFAOYSA-N,CC(C)(O)C1CCC(C)(O)C2CCC(C)(O)C2C1,C1CCC2CCCC2CC1,FALSE,TRUE,Similar
139441,BBGXMYGNMQUBIM-UHFFFAOYSA-N,CC1(C)CCC(C)(O)C2CCC(C(=O)O)CC2C1,C1CCC2CCCCC2CC1,FALSE,TRUE,Similar
140904,ZSABFQOLFOSMFH-UHFFFAOYSA-N,CC(C)C1CCC2C1(C)CCC1(C)C3CCC4C(C)(CCC(O)C4(C)C(=O)O)C3=CCC21C,C1=C2C3CCCCC3CCC2C2CCC3CCCC3C2C1,FALSE,TRUE,Similar
141382,UBBDVQKFPMUJPY-UHFFFAOYSA-N,CC(C)C1(O)C(O)CC2(C)CCC(C(=O)O)CCC21,C1CCC2CCCC2CC1,FALSE,TRUE,Similar
141394,LWCSELYFUPLPBH-UHFFFAOYSA-N,CC(C)C1(O)C(O)CC2(C)CC(O)C(C)(O)CCC21,C1CCC2CCCC2CC1,FALSE,TRUE,Similar
141675,WYFKGWABSYJVMD-UHFFFAOYSA-N,C=C(C)C1(O)CCC(C)(O)C2CCC(C)C2C1,C1CCC2CCCC2CC1,FALSE,TRUE,Similar
142506,LVPCDFQMDVAZRC-UHFFFAOYSA-N,CC(C)C1CCC2C1(C)CCC1(C)C3CCC4C(C)(C(=O)O)C(O)CC(O)C4(CO)C3=CCC21C,C1=C2C3CCCCC3CCC2C2CCC3CCCC3C2C1,FALSE,TRUE,Similar
144647,RVOYPHQNQKKDCU-UHFFFAOYSA-N,CC(O)(CO)C1CCC(C)(O)C2CCC(C)(O)C2(O)C1,C1CCC2CCCC2CC1,FALSE,TRUE,Similar
145279,SUNRMOIMPOGBOY-UHFFFAOYSA-N,CC1CCCC2(C)CCC(C(C)(C)O)C2C1O,C1CCC2CCCC2CC1,FALSE,TRUE,Similar
145348,NCDABFRVOGLXAB-UHFFFAOYSA-N,C=C(C)C1(O)CC(C)(C)CC2C(CO)CCC21,C1CCC2CCCC2C1,FALSE,TRUE,Similar
145853,LKOUBWVSURQBDA-UHFFFAOYSA-N,COC(=O)C1C(C)CC(O)C2C(C)(C)C(OC(C)=O)C(C)(CO)C12O,C1CCC2CCCC2C1,FALSE,TRUE,Similar
146130,KFZFUCCFQQZMRH-UHFFFAOYSA-N,CC1CCC2C1CC(C(C)(O)CO)CC(O)C2(C)O,C1CCC2CCCC2CC1,FALSE,TRUE,Similar
150288,ZLQUMUOZIDYKKN-UHFFFAOYSA-N,CC(C)(O)C1C(O)CC(C2CC=C3C2(C)CCC2C4(C)CCC(O)C(C)(C)C4CC(O)C32C)C1O,C1=C2C(CCC3C2CCC2CCCCC23)C(C2CCCC2)C1,FALSE,TRUE,Similar
159665,TWONWILUDBHKQU-UHFFFAOYSA-N,C1CCC2CCC2CC1,C1CCC2CCC2CC1,FALSE,TRUE,Similar
160369,BZYUMLFTOMUJNZ-UHFFFAOYSA-N,CC1CCC2C(C)(O)CCC(C(C)(O)CO)CC12O,C1CCC2CCCC2CC1,FALSE,TRUE,Similar
160487,JFWUFIBDAPLDJV-UHFFFAOYSA-N,CCCCCCCC1C(O)C2CCCC(O)C2C1O,C1CCC2CCCC2C1,FALSE,TRUE,Similar
160806,BVGNXQCZHIJBSG-UHFFFAOYSA-N,CC(C)C(C)C=CC(C)C1CCC2CCCC3CC(O)CCC3(C)CCCC21C,C1CCC2CCCC3CCCC3CCCC2C1,FALSE,TRUE,Similar
160923,NNXLOFSGHFJAFE-UHFFFAOYSA-N,CC1CCC2(O)C1CC(C(C)(O)CO)CCC2(C)O,C1CCC2CCCC2CC1,FALSE,TRUE,Similar
161311,NRUOFICHVPIKDH-UHFFFAOYSA-N,C=CC(C#CC#CC(O)C=CCCCCCCC)OC1(C)CCC(C(C)C)C(O)C2C(C)(O)CCC21O,C1CCC2CCCC2CC1,FALSE,TRUE,Similar
161594,ZMGBZTXMIOVCQH-UHFFFAOYSA-N,C=C(C(=O)O)C1CCC(C)C2CCC(C)(O)C2(O)C1,C1CCC2CCCC2CC1,FALSE,TRUE,Similar
163526,VBMYDYLKYYGDSL-UHFFFAOYSA-N,C=C(C)C1CCC(C)(O)C2CCC(C)C2(O)C1,C1CCC2CCCC2CC1,FALSE,TRUE,Similar
164847,KBWLTYXBEUQKLG-UHFFFAOYSA-N,CC(=O)C1CCC2C1CC(C(C)C)CC2(C)O,C1CCC2CCCC2C1,FALSE,TRUE,Similar
167407,NPYSLKUBVYCYJW-UHFFFAOYSA-N,C=CC(O)C#CC#CC(C=CCCCCCCC)OC1(C)CCC(C(C)C)C(O)C2C(C)(O)CCC21O,C1CCC2CCCC2CC1,FALSE,TRUE,Similar
167575,ZNSHUMGXDLSKTJ-UHFFFAOYSA-N,CC=C(C)C(=O)OC1CCC2(C)CC(C(C)=O)CC2C1(C)OC(C)=O,C1CCC2CCCC2C1,FALSE,TRUE,Similar
168027,ZWTQSIHLEYRYLZ-UHFFFAOYSA-N,CC(C)C1CCC2C1(C)CCC1(C)C3CCC4C(C)(CCC(O)C4(C)C)C3=CC(O)C21C,C1=C2C3CCCCC3CCC2C2CCC3CCCC3C2C1,FALSE,TRUE,Similar
169099,XHWCHSZUJCEINM-UHFFFAOYSA-N,CC(=O)OC1CCC2(C)C3=CC(O)C4(C)C5CCC(C(C)C)C5(C)CCC4(C)C3CCC2C1(C)C,C1=C2C3CCCCC3CCC2C2CCC3CCCC3C2C1,FALSE,TRUE,Similar
169216,RRYFDMYADAVXFH-UHFFFAOYSA-N,CC(C)C1CCC2(C)CCC3(C)C(CC=C4C5(C)CCC(O)C(C)(C)C5CCC43C)C12,C1=C2C3CCCCC3CCC2C2CCC3CCCC3C2C1,FALSE,TRUE,Similar
173769,WHIIYCNEXADZPV-UHFFFAOYSA-N,CC(C)C1CCC2(C)CCC(O)C(C)(O)CC12O,C1CCC2CCCC2CC1,FALSE,TRUE,Similar
173812,BSPVDTQHKDDPRO-UHFFFAOYSA-N,CC(=O)C1CCC2(C)CCC(C(C)(C)O)CC12O,C1CCC2CCCC2C1,FALSE,TRUE,Similar
174636,JFXHBZJISWEQOJ-UHFFFAOYSA-N,COC(=O)C=C(C)CCC1(C)C(C)C(OC(C)=O)CC2(C)C1CC(C(C)=O)C2(C)O,C1CCC2CCCC2C1,FALSE,TRUE,Similar
175620,ZVOAELYAPSYXMG-UHFFFAOYSA-N,C=C(C)C1CCC2(C)CCC3(C)C(=CCC4C5(C)CCC(OC(C)=O)C(C)(C)C5CCC43C)C12,C1=C2C3CCCC3CCC2C2CCC3CCCCC3C2C1,FALSE,TRUE,Similar
175688,VYOJOVGFTDBXJG-UHFFFAOYSA-N,CC(C)C1CCC2C1(C)CCC1(C)C3CCC4C(C)(CC(O)C(O)C4(C)C)C3=CCC21C,C1=C2C3CCCCC3CCC2C2CCC3CCCC3C2C1,FALSE,TRUE,Similar
176330,HTSIKDXJMXBFGO-UHFFFAOYSA-N,CC(=O)C1CCC2C1C(C(C)C)CC(O)C2(C)O,C1CCC2CCCC2C1,FALSE,TRUE,Similar
178054,LEHCVXSBPMHNNP-UHFFFAOYSA-N,CC(=O)OCC(O)(COC(C)=O)C1CCC(C)(O)C2CCC(C)(O)C2C1O,C1CCC2CCCC2CC1,FALSE,TRUE,Similar
178721,YYAHKFXVJRZDQN-UHFFFAOYSA-N,CCCCCCCC(O)CCCCCCC(C(=O)O)C(O)C1CCC2CCCC2(O)C1,C1CCC2CCCC2C1,FALSE,TRUE,Similar
179928,LSSDGVDKBRWHLF-UHFFFAOYSA-N,C=C(CCNC)C1CCC(C)(O)C2CCC(O)(CCNC(=N)NC)C2C1,C1CCC2CCCC2CC1,FALSE,TRUE,Similar
181333,CLNFVVYFMAURGO-UHFFFAOYSA-N,C=C(CCCO)C1CCC(C)(O)C2CCC(O)(CCNC(=N)NC)C2C1,C1CCC2CCCC2CC1,FALSE,TRUE,Similar
181854,RKSYBKTVRZXJCN-UHFFFAOYSA-N,CC(C)C1CCC2C1(C)CCC1(C)C3CCC4C(C)(C)CCCC4(CO)C3=CCC21C,C1=C2C3CCCCC3CCC2C2CCC3CCCC3C2C1,FALSE,TRUE,Similar
183286,CLUMRIQLNFWQES-UHFFFAOYSA-N,C=C(C)C(O)C1CCC2(C)C(Br)CCC(C)(O)C12,C1CCC2CCCC2C1,FALSE,TRUE,Similar
185503,RSPHYVJFJQDFQC-UHFFFAOYSA-N,COC(=O)C12CCC(C)C(C)(O)C1C1=CCC3C4(C)CC(O)(C(=O)OC)C(C)(C)C4CCC3(C)C1(C)C(O)C2,C1=C2C3CCCCC3CCC2C2CCC3CCCC3C2C1,FALSE,TRUE,Similar
185998,KEXCKZCLTTUBOQ-UHFFFAOYSA-N,CCC1C(O)CC2(C)CCC3(C)C(=CCC4C5(C)CCCC(C)(C)C5CCC43C)C12,C1=C2C3CCCC3CCC2C2CCC3CCCCC3C2C1,FALSE,TRUE,Similar
186532,QFHCZWMCKMLXBC-UHFFFAOYSA-N,COC1CCC2(C)C(CCC3(C)C2CC=C2C4CCC(C(C)C)C4(C)CCC23C)C1(C)C,C1=C2C3CCCC3CCC2C2CCC3CCCCC3C2C1,FALSE,TRUE,Similar
189365,DIPIYFWLTZOMRG-UHFFFAOYSA-N,C=C(CCC(C)C)C1CCC(C)(O)C2CCC(C)(O)C2C1,C1CCC2CCCC2CC1,FALSE,TRUE,Similar
189966,YABNQBATOGEOPS-UHFFFAOYSA-N,CC1CCCCC2C1CCC2(C)O,C1CCC2CCCC2CC1,FALSE,TRUE,Similar
191685,CKZZSGVKALKKLD-UHFFFAOYSA-N,CC(C)C1CCC2(C)CCC3(C)C4CCC5C(C)(CCC(O)C5(C)C)C4=CCC3(C)C12,C1=C2C3CCCCC3CCC2C2CCC3CCCC3C2C1,FALSE,TRUE,Similar
194504,WILYOMHWBQTVAP-UHFFFAOYSA-N,C=C(C)C1CCC2(C(=O)O)CCC3(C)C(=CCC4C5(C)CCC(O)C(C)(C)C5CCC43C)C12,C1=C2C3CCCC3CCC2C2CCC3CCCCC3C2C1,FALSE,TRUE,Similar
194683,HRQKASMTNHWIHD-UHFFFAOYSA-N,CC(C)C1CCC2(C)CCC3(CO)C(=CCC4C5(C)CCC(O)C(C)(C)C5CCC43C)C12,C1=C2C3CCCC3CCC2C2CCC3CCCCC3C2C1,FALSE,TRUE,Similar
195253,AHZBBBSMZGEONV-UHFFFAOYSA-N,COCCNC(=O)CCC12CCC(C)(O)CC1C(C)(C)CC2NC(=O)CC(C)(C)C,C1CCC2CCCC2C1,FALSE,TRUE,Similar
195434,PJIWESAKWGDUTH-UHFFFAOYSA-N,CC=C(C)C(=O)OC1CC(C)(O)C(O)C(OC(=O)C(C)=CC)C2(C)CCC(O)(C(C)C)C12,C1CCC2CCCC2CC1,FALSE,TRUE,Similar
195892,OIGJHYZHUIFETH-UHFFFAOYSA-N,CC(C)C1CCC2C1(C(=O)O)CCC1(C)C3CCC4C(C)(C)CCCC4(C)C3=CCC21C,C1=C2C3CCCCC3CCC2C2CCC3CCCC3C2C1,FALSE,TRUE,Similar
196163,RNHGVUKUAAZWMB-UHFFFAOYSA-N,CC(C)C1CCC2C1CCC1(C)C3CCC4C(C)(CCC(O)C4(C)C)C3=CCC21C,C1=C2C3CCCCC3CCC2C2CCC3CCCC3C2C1,FALSE,TRUE,Similar
196672,PSCUINKTRVCNJK-UHFFFAOYSA-N,C=C(C(=O)OC)C1CCC(C)C2CCC(OC(C)=O)C2(C)C1,C1CCC2CCCC2CC1,FALSE,TRUE,Similar
197093,DOGQNYXCCXBVMX-UHFFFAOYSA-N,C=C(CCC=C(C)C)C1CCC(C)(O)C2CCC(C)C2C1,C1CCC2CCCC2CC1,FALSE,TRUE,Similar
197103,BYMUQHHREJQVPU-UHFFFAOYSA-N,C=C(C)C1CCC2(CO)CCC3(C)C(CC=C4C5(C)CCC(O)C(C)(C)C5CCC43C)C12,C1=C2C3CCCCC3CCC2C2CCC3CCCC3C2C1,FALSE,TRUE,Similar
198115,BEWUYYKPXKLMEK-UHFFFAOYSA-N,C=C(C)C1CCC(C)C2CCC(C)(O)C2C1,C1CCC2CCCC2CC1,FALSE,TRUE,Similar
199064,AUABALVLEYWUSM-UHFFFAOYSA-N,CC(C)C(=O)C1CCC2(C)CCCC(C)(O)C12,C1CCC2CCCC2C1,FALSE,TRUE,Similar
199472,MLPNENXKBQQSSB-UHFFFAOYSA-N,C=C(C)C1CCC(C)(O)C2CC(O)C(O)(CCNC(=N)NC)C2C1,C1CCC2CCCC2CC1,FALSE,TRUE,Similar
200420,YNNDVHBDEXCUNO-UHFFFAOYSA-N,CC(=O)OC1CC2C(C(C(C)C)CCC2(C)O)C1C(C)=O,C1CCC2CCCC2C1,FALSE,TRUE,Similar
200566,AAQFVBTVVYCZQY-UHFFFAOYSA-N,CC(C)C1CCC2(C)CC(O)C(C)(O)CCC12O,C1CCC2CCCC2CC1,FALSE,TRUE,Similar
201851,KLSVNCXFNMYRMU-UHFFFAOYSA-N,CC(C)C1C(O)CC2C1(C)CCC1(C)C3C(=CCC21C)C1(C)CCCC(C)(C)C1CC3O,C1=C2C3CCCCC3CCC2C2CCC3CCCC3C2C1,FALSE,TRUE,Similar
202639,OBNZRBHOWIFSNY-UHFFFAOYSA-N,CC(C)C1CCC2C1(C)CCC1(C)C3C(=CCC21C)C1(C)CCCC(C)(C)C1CC3O,C1=C2C3CCCCC3CCC2C2CCC3CCCC3C2C1,FALSE,TRUE,Similar
203859,AYRBKDVFDHNFQF-UHFFFAOYSA-N,CC(=CC(=O)O)CCC1(C)C(C)CCC2(C)C1CC(C(=O)O)C2(C)O,C1CCC2CCCC2C1,FALSE,TRUE,Similar
204021,PYUHQGOEOJVJAR-UHFFFAOYSA-N,CC(C)C1CCC2C1(C)CCC1(C)C3CCC4C(C)(C)CCCC4(C)C3=CC(O)C21C,C1=C2C3CCCCC3CCC2C2CCC3CCCC3C2C1,FALSE,TRUE,Similar
207131,JPCBNOLAAJWSEX-UHFFFAOYSA-N,C=C(CCCCO)C1CCC(C)(O)C2CCC(C)(O)C2C1,C1CCC2CCCC2CC1,FALSE,TRUE,Similar
207613,QTSPWKJLURDQKC-UHFFFAOYSA-N,C=C(C)C1CCC(C)(O)C2CCC(O)(CCNC(=N)NC)C2C1,C1CCC2CCCC2CC1,FALSE,TRUE,Similar
208158,CVPJPWILGWQUOI-UHFFFAOYSA-N,COC(=O)C12CCC3(C)C(=CCC4C5(C)CC(O)(C(=O)OC)C(C)(C)C5CCC43C)C1C(C)(O)C(C)CC2O,C1=C2C3CCCCC3CCC2C2CCC3CCCC3C2C1,FALSE,TRUE,Similar
208328,NIJKFWMIXHJIEA-UHFFFAOYSA-N,C=C(CCCO)C1CCC(C)(O)C2CCC(C)(O)C2C1,C1CCC2CCCC2CC1,FALSE,TRUE,Similar
209557,FKODHSNAGSSFQI-UHFFFAOYSA-N,C=C(C)C1CCC2(C(=O)O)CCC3(C)C(=CCC4C5(C)CCC(OC(C)=O)C(C)(C)C5CCC43C)C12,C1=C2C3CCCC3CCC2C2CCC3CCCCC3C2C1,FALSE,TRUE,Similar
209897,HREUFMHSMQZMOV-UHFFFAOYSA-N,C=CC1C(C)(O)CCC2(C)C(C)CCC12C,C1CCC2CCCC2C1,FALSE,TRUE,Similar
209965,DRMRWHSOVUQKGM-UHFFFAOYSA-N,CC(=O)OC1CCC2(C)C3=CCC4C5C(C(C)C)CCC5(C)CCC4C3(C)CCC2C1(C)C,C1=C2C3CCCCC3CCC2C2CCC3CCCC3C2C1,FALSE,TRUE,Similar
214529,OZQBIBCVAYBUAR-UHFFFAOYSA-N,CC(C)C1CCC(C)(O)C2CCC(C(=O)O)C12,C1CCC2CCCC2C1,FALSE,TRUE,Similar
214814,RSSBVGMNANJWQY-UHFFFAOYSA-N,COC(=O)C1(C)CC(C)(C)C2C(O)CC(C)C(C=O)C21O,C1CCC2CCCC2C1,FALSE,TRUE,Similar
214978,ILNMFXXYCHLDOZ-UHFFFAOYSA-N,CC=C(C)C(=O)OC1CCC2(O)CC(C(C)=O)CC2(C)C1C,C1CCC2CCCC2C1,FALSE,TRUE,Similar
215777,MBBVSKBTNJDURZ-UHFFFAOYSA-N,C=C(COC(C)=O)C1CCC(C)(O)C2CCC(C)(O)C2C1O,C1CCC2CCCC2CC1,FALSE,TRUE,Similar
215936,MXOISZMCDMDYPR-UHFFFAOYSA-N,CC(C)C1CC(O)C2C1(C)CCC1C2(C)CC=C2C3(C)CCC(O)C(C)(C)C3CC(O)C21C,C1=C2C3CCCCC3CCC2C2CCC3CCCC3C2C1,FALSE,TRUE,Similar
217904,VLZYGCGUSDGSGB-UHFFFAOYSA-N,CC(C)C1CCC2C1(C)CCC1(C)C3CCC4C(C)(C(=O)O)CCCC4(C)C3=CCC21C,C1=C2C3CCCCC3CCC2C2CCC3CCCC3C2C1,FALSE,TRUE,Similar
219735,LSFWJASYSZYKCM-UHFFFAOYSA-N,C=C(CCNC)C1CCC(C)(O)C2CCC(C)(O)C2C1,C1CCC2CCCC2CC1,FALSE,TRUE,Similar
220148,OOGCMCFBTNWRDG-UHFFFAOYSA-N,CC(=O)C1CCC2(C)CCC(C(C)(O)CO)CC12O,C1CCC2CCCC2C1,FALSE,TRUE,Similar
220322,RAGXZSGHNVCTKK-UHFFFAOYSA-N,COCCNC(=O)CCC12CCC(C)(O)CC1C(C)(C)CC2NC(C)C,C1CCC2CCCC2C1,FALSE,TRUE,Similar
220861,WLPKWEUOGCCCIB-UHFFFAOYSA-N,CC(=O)C1CCC2C(C)(O)CCC(C(C)C)C12C,C1CCC2CCCC2C1,FALSE,TRUE,Similar
222062,ZLWJOBSFMWZWRQ-UHFFFAOYSA-N,C=C(CCCCO)C1CCC(C)(O)C2CCC(O)(CCNC(=N)NC)C2C1,C1CCC2CCCC2CC1,FALSE,TRUE,Similar
222563,CDJHWSUBFSVZDX-UHFFFAOYSA-N,CC(C)C1CCC2C1(C)CCC1(C)C3CCC4C(C)(CC(O)C(O)C4(C)C(=O)O)C3=CCC21C,C1=C2C3CCCCC3CCC2C2CCC3CCCC3C2C1,FALSE,TRUE,Similar
223517,CAKZQSFFOAEEET-UHFFFAOYSA-N,CC1CCC2C(C)(C)CC(C)(CO)C2(O)C1C(=O)O,C1CCC2CCCC2C1,FALSE,TRUE,Similar
224649,MXURHXOXOVAUDO-UHFFFAOYSA-N,CC(C)C1CCC2C1(CO)CCC1(C)C3CCC4C(C)(CCC(O)C4(C)C)C3=CCC21C,C1=C2C3CCCCC3CCC2C2CCC3CCCC3C2C1,FALSE,TRUE,Similar
225102,PEYJZANRBACDQH-UHFFFAOYSA-N,CC1CCC(C(C)(O)COS(=O)(=O)O)CC2C(C)CCC12,C1CCC2CCCC2CC1,FALSE,TRUE,Similar
226553,CUYKFKZIWQDIMK-UHFFFAOYSA-N,CC(C)C1C(O)CC2C1(C)CCC1(C)C3CCC4C(C)(C)CCCC4(C)C3=CCC21C,C1=C2C3CCCCC3CCC2C2CCC3CCCC3C2C1,FALSE,TRUE,Similar
226559,XIWOSZSAWJPJMA-UHFFFAOYSA-N,C=C(CCC(C)C)C1CCC(C)(O)C2CCC(O)(CCNC(=N)NC)C2C1,C1CCC2CCCC2CC1,FALSE,TRUE,Similar
226879,OJTNMBLUYNJSQI-UHFFFAOYSA-N,COC(=O)C1(C)CC(C)(C)C2C(OC(C)=O)CC(C)C(C=O)C21O,C1CCC2CCCC2C1,FALSE,TRUE,Similar
227669,BRQBMPGDACUHNR-UHFFFAOYSA-N,COC1CCC2(C)C3=CCC4(C)C5CCC(C(C)C)C5CCC4(C)C3CCC2C1(C)C,C1=C2C3CCCCC3CCC2C2CCC3CCCC3C2C1,FALSE,TRUE,Similar
228189,HJUDMTVWGTYNAE-UHFFFAOYSA-N,CC(C)C1CCC2C3=CCC4C5(C)CC(O)C(O)C(C)(C)C5CCC4(C)C3(C)CCC21C,C1=C2C3CCCC3CCC2C2CCC3CCCCC3C2C1,FALSE,TRUE,Similar
232367,VQMZRHKDFCRTRN-UHFFFAOYSA-N,C=CC(C)(O)CCC1(O)C(C(C)=O)CC2C(C)(C)CCCC21C,C1CCC2CCCC2C1,FALSE,TRUE,Similar
233444,RCNOIOFNNXAZMP-UHFFFAOYSA-N,CC(=O)C1CCC2C1C(O)(C(C)C)CCC2(C)O,C1CCC2CCCC2C1,FALSE,TRUE,Similar
237178,PSHNMGVOBQLADD-UHFFFAOYSA-N,C=C(C)C1CCC(C)(O)C2CC(O)C(C)(O)C2C1,C1CCC2CCCC2CC1,FALSE,TRUE,Similar
238965,XECFDRGFRLJDOV-UHFFFAOYSA-N,CC(C)C1CCC(C)(O)C2CCC(C=O)C12,C1CCC2CCCC2C1,FALSE,TRUE,Similar
239645,BLYQWUQCSJTPOL-UHFFFAOYSA-N,C=C(C)C1CC(O)C(C)(O)C2CCC(C(C)=O)C12,C1CCC2CCCC2C1,FALSE,TRUE,Similar
240384,URTAWTQUPMGAPN-UHFFFAOYSA-N,CC(C)C1CC(O)C2C1(C)CCC1(C)C3CCC4C(C)(C)CCCC4(C)C3=CCC21C,C1=C2C3CCCCC3CCC2C2CCC3CCCC3C2C1,FALSE,TRUE,Similar
241175,UBAVYPSGGLKYBL-UHFFFAOYSA-N,COCCNC(=O)CCC12CCC(C)(O)CC1C(C)(C)CC2NC(=O)COC,C1CCC2CCCC2C1,FALSE,TRUE,Similar
244329,DUTZKCHROWOSEJ-UHFFFAOYSA-N,CC(=O)OC1CCC2(C)C3CC=C4C5C(C(C)C)CCC5(C)CCC4(C)C3CCC2C1(C)C,C1=C2C3CCCC3CCC2C2CCC3CCCCC3C2C1,FALSE,TRUE,Similar
247062,DOXUCYLASNZSCE-UHFFFAOYSA-N,CC1CCC(C(C)(C)O)CC2(O)C(C)CCC12O,C1CCC2CCCC2CC1,FALSE,TRUE,Similar
249246,MIEMTUOJKOSDSV-UHFFFAOYSA-N,CC(=O)C12CC(O)(C(C)(C)O)CCC1(C)CCC2O,C1CCC2CCCC2C1,FALSE,TRUE,Similar
249329,WAYHXKJRUQBYON-UHFFFAOYSA-N,C=CC1(O)CC(O)C2(C(=O)OC)C(C)CCC2(C)C1C,C1CCC2CCCC2C1,FALSE,TRUE,Similar
251488,XGLZSWGCQCTELV-UHFFFAOYSA-N,CC(=O)OCC1CC2(C)CCCC(C)(C)C2(C)C1C=O,C1CCC2CCCC2C1,FALSE,TRUE,Similar
252313,ONQQVLKXLHHTSK-UHFFFAOYSA-N,CC(=O)OC1C=C2C(CCC3C2(C)CCC(O)C3(C)C)C2(C)CCC3(C)C(C(C)C)CCC3C12C,C1=C2C3CCCCC3CCC2C2CCC3CCCC3C2C1,FALSE,TRUE,Similar
257278,HYGMPNYQUDVYCA-UHFFFAOYSA-N,CC(C)C1CCC2C3=CCC4C5(C)CCC(O)C(C)(C)C5CCC4(C)C3(C)CCC21C,C1=C2C3CCCC3CCC2C2CCC3CCCCC3C2C1,FALSE,TRUE,Similar
259614,SFHOQLVZWUNZEX-UHFFFAOYSA-N,C=C(C)C1CCC2(C)C1CCC(C)(CC(OC)OC)C2CCC(C)=O,C1CCC2CCCC2C1,FALSE,TRUE,Similar
260040,PRLAHLTUTZRDBJ-UHFFFAOYSA-N,C=C(C(=O)OC)C1CCC2(C)CCC(C(C)=O)C2(O)C1,C1CCC2CCCC2C1,FALSE,TRUE,Similar
260539,ZIDPSSKTYPPDFY-UHFFFAOYSA-N,CC(C)C1CCC2C1(C)CCC1(C)C3CCC4C(C)(CO)CCCC4(C)C3=CCC21C,C1=C2C3CCCCC3CCC2C2CCC3CCCC3C2C1,FALSE,TRUE,Similar
265117,CZPCDIVNIKVJDW-UHFFFAOYSA-N,NC1C(O)C(O)CC1C1CCCCC1,C1CCC(C2CCCC2)CC1,FALSE,TRUE,Similar
265437,KKRZJBWBZYVFHO-UHFFFAOYSA-N,CC(C)(O)CNC1C(O)C(O)CC1C1CCCCC1,C1CCC(C2CCCC2)CC1,FALSE,TRUE,Similar
265447,KJEINXZKTOZHTB-UHFFFAOYSA-N,CC(C)CNC1C(O)C(O)CC1C1CCCCC1,C1CCC(C2CCCC2)CC1,FALSE,TRUE,Similar
273053,WISUTYKMYIPDLH-UHFFFAOYSA-N,CC(=O)C12CC(C)C(CO)(CCC(=CCO)CO)C1CCCCC2(C)C,C1CCC2CCCC2CC1,FALSE,TRUE,Similar
274768,PEVJTJPKXXBEEK-UHFFFAOYSA-N,C=C(C)C1CCC2(C)CCC3(C)C(CC=C4C5(C)CCC(OC(C)=O)C(C)(C)C5CCC43C)C12,C1=C2C3CCCCC3CCC2C2CCC3CCCC3C2C1,FALSE,TRUE,Similar
276750,VEQHOZRUQBQZMG-UHFFFAOYSA-N,CC1CCC2(C(=O)O)CCC3(C)C(=CCC4C5(C)CC(C(=O)O)C(C)(C)C5CCC43C)C2C1(C)O,C1=C2C3CCCCC3CCC2C2CCC3CCCC3C2C1,FALSE,TRUE,Similar
279283,ISENCPWAURCXQF-UHFFFAOYSA-N,CC(=O)C1CCC(O)C2(C)CCC(C(C)C)C12,C1CCC2CCCC2C1,FALSE,TRUE,Similar
279321,GOFCCONANOBARS-UHFFFAOYSA-N,CC(=O)OC1CC(C(C)=O)C2(O)CC(C(C)(C)O)CCC12C,C1CCC2CCCC2C1,FALSE,TRUE,Similar
279480,MVIRREHRVZLANQ-UHFFFAOYSA-N,C=C(C)C1CCC2(CO)CCC3(C)C(=CCC4C5(C)CCC(OC(C)=O)C(C)(C)C5CCC43C)C12,C1=C2C3CCCC3CCC2C2CCC3CCCCC3C2C1,FALSE,TRUE,Similar
279601,IKLFFDNEMXEQRX-UHFFFAOYSA-N,C=C(C)C1CCC2(C)CCC3(C)C(CC=C4C5(C)CCC(O)C(C)(C)C5CCC43C)C12,C1=C2C3CCCCC3CCC2C2CCC3CCCC3C2C1,FALSE,TRUE,Similar
280122,RUFIUYZREFEXBT-UHFFFAOYSA-N,C=C(C)C1CCC2(C(=O)OC)CCC3(C)C(=CCC4C5(C)CCC(O)C(C)(C)C5CCC43C)C12,C1=C2C3CCCC3CCC2C2CCC3CCCCC3C2C1,FALSE,TRUE,Similar
280543,YGOHZWXICDKWGL-UHFFFAOYSA-N,CCOC1(C)CCC(C(C)C)C(O)C2C1CCC2(C)O,C1CCC2CCCC2CC1,FALSE,TRUE,Similar
280933,VGDPOXDWUKAGMW-UHFFFAOYSA-N,CC(=O)OC1CCC2(C)C3=CCC4C5C(C(C)C)CCC5(C)CCC4(C)C3CCC2C1(C)C,C1=C2C3CCCCC3CCC2C2CCC3CCCC3C2C1,FALSE,TRUE,Similar
281621,DSUHKPOBUATDGX-UHFFFAOYSA-N,CC(C)C1CCC2(CO)CCC3(C)C(=CCC4C5(C)CCC(O)C(C)(C)C5CCC43C)C12,C1=C2C3CCCC3CCC2C2CCC3CCCCC3C2C1,FALSE,TRUE,Similar
281669,KJMHTEHAOONPNU-UHFFFAOYSA-N,C=C(C)C1CCC2(C)CCC3(C)C(=CCC4C5(C)CCC(O)C(C)(C)C5CCC43C(=O)O)C12,C1=C2C3CCCC3CCC2C2CCC3CCCCC3C2C1,FALSE,TRUE,Similar
281776,BUEONAAYGVOTFR-UHFFFAOYSA-N,CC(C)C1CCC(C)C2C(O)CC(C)C2C1O,C1CCC2CCCC2CC1,FALSE,TRUE,Similar
281938,HUAZTTPKCIIDCX-UHFFFAOYSA-N,CC(=O)C1(CCC(C)CCO)C(O)CC2C(C)(C)C(O)CCC21C,C1CCC2CCCC2C1,FALSE,TRUE,Similar
282049,VRCVCMMWHFGTOL-UHFFFAOYSA-N,CC(=O)C1CC2CCCC(C)C2(C)C1O,C1CCC2CCCC2C1,FALSE,TRUE,Similar
282361,IZFNLKDFWHUOCB-UHFFFAOYSA-N,COC(=O)C=C(C)CCC1(C)C(C)C(OC(C)=O)CC2(C)C1CC(C=O)C2(C)O,C1CCC2CCCC2C1,FALSE,TRUE,Similar
