ID,np_id,InChI,InChIKey,canonical_smiles,lipinski_rule_of_five_violations,sa_score
29,NPC305693,"InChI=1S/C9H16O3/c10-8-6-4-2-1-3-5-7-9(11)12/h8H,1-7H2,(H,11,12)",WLGDDELKYAWBBL-UHFFFAOYSA-N,O=CCCCCCCCC(=O)O,0,1.989313589
83,NPC164086,"InChI=1S/C10H10O2/c1-8(11)7-10(12)9-5-3-2-4-6-9/h2-6H,7H2,1H3",CVBUKMMMRLOKQR-UHFFFAOYSA-N,CC(=O)CC(=O)c1ccccc1,0,1.590947156
607,NPC10251,"InChI=1S/C16H22O4/c1-3-5-11-19-15(17)13-9-7-8-10-14(13)16(18)20-12-6-4-2/h7-10H,3-6,11-12H2,1-2H3",DOIRQSBPFJWKBE-UHFFFAOYSA-N,CCCCOC(=O)c1ccccc1C(=O)OCCCC,0,1.757335576
723,NPC181124,"InChI=1S/C16H12O4/c1-19-12-6-7-13-15(8-12)20-9-14(16(13)18)10-2-4-11(17)5-3-10/h2-9,17H,1H3",LNIQZRIHAMVRJA-UHFFFAOYSA-N,COc1ccc2c(=O)c(-c3ccc(O)cc3)coc2c1,0,1.956955472
897,NPC279533,"InChI=1S/C12H13NO3/c1-13-5-4-8-6-10(15-2)11(16-3)7-9(8)12(13)14/h4-7H,1-3H3",HCHLTWGUUUDWFP-UHFFFAOYSA-N,COc1cc2ccn(C)c(=O)c2cc1OC,0,1.986278895
1200,NPC173295,"InChI=1S/C9H11NO2/c1-10-8-6-4-3-5-7(8)9(11)12-2/h3-6,10H,1-2H3",GVOWHGSUZUUUDR-UHFFFAOYSA-N,CNc1ccccc1C(=O)OC,0,1.558664638
1229,NPC117237,"InChI=1S/C8H8O3/c1-11-8-3-2-6(5-9)4-7(8)10/h2-5,10H,1H3",JVTZFYYHCGSXJV-UHFFFAOYSA-N,COc1ccc(C=O)cc1O,0,1.873494182
1544,NPC181526,"InChI=1S/C7H7NO3/c8-5-3-1-2-4(6(5)9)7(10)11/h1-3,9H,8H2,(H,10,11)",IQGMRVWUTCYCST-UHFFFAOYSA-N,Nc1cccc(C(=O)O)c1O,0,1.93066718
1641,NPC289459,"InChI=1S/C17H16O4/c1-20-16-11-13(7-9-15(16)18)8-10-17(19)21-12-14-5-3-2-4-6-14/h2-11,18H,12H2,1H3/b10-8+",DZAPHTCUSDTZAT-CSKARUKUSA-N,COc1cc(/C=C/C(=O)OCc2ccccc2)ccc1O,0,1.80775362
1725,NPC92111,"InChI=1S/C13H18N2O/c1-15(2)7-6-10-9-14-13-5-4-11(16-3)8-12(10)13/h4-5,8-9,14H,6-7H2,1-3H3",ZSTKHSQDNIGFLM-UHFFFAOYSA-N,COc1ccc2[nH]cc(CCN(C)C)c2c1,0,1.953637706
1785,NPC119669,"InChI=1S/C12H15NO3/c1-13-5-4-8-6-10(15-2)11(16-3)7-9(8)12(13)14/h6-7H,4-5H2,1-3H3",BDIZBBGNYDRCCA-UHFFFAOYSA-N,COc1cc2c(cc1OC)C(=O)N(C)CC2,0,1.981206168
1964,NPC63010,"InChI=1S/C12H12O2/c1-8-6-9-4-3-5-11(14-2)12(9)10(13)7-8/h3-7,13H,1-2H3",IJJNDUUHBYEDNU-UHFFFAOYSA-N,COc1cccc2cc(C)cc(O)c12,0,1.883272302
2063,NPC474933,"InChI=1S/C16H18O3/c1-18-15-9-13(10-16(11-15)19-2)4-3-12-5-7-14(17)8-6-12/h5-11,17H,3-4H2,1-2H3",WOOTZIKTRHIJPN-UHFFFAOYSA-N,COc1cc(CCc2ccc(O)cc2)cc(OC)c1,0,1.737648944
2114,NPC26850,"InChI=1S/C16H13NO/c1-18-16-11-15(12-7-3-2-4-8-12)17-14-10-6-5-9-13(14)16/h2-11H,1H3",CVJHRDUVYHASOG-UHFFFAOYSA-N,COc1cc(-c2ccccc2)nc2ccccc12,0,1.519668546
2193,NPC217299,"InChI=1S/C17H18O5/c1-19-13-8-5-4-7-12(13)11-22-17(18)16-14(20-2)9-6-10-15(16)21-3/h4-10H,11H2,1-3H3",DEEMMGPYISQBGI-UHFFFAOYSA-N,COc1ccccc1COC(=O)c1c(OC)cccc1OC,0,1.758278692
2299,NPC130983,"InChI=1S/C15H10O3/c1-18-12-8-4-7-11-13(12)15(17)10-6-3-2-5-9(10)14(11)16/h2-8H,1H3",CQGDBBBZCJYDRY-UHFFFAOYSA-N,COc1cccc2c1C(=O)c1ccccc1C2=O,0,1.712644385
2426,NPC194416,"InChI=1S/C10H12O4/c1-14-9-6-7(2-4-8(9)11)3-5-10(12)13/h2,4,6,11H,3,5H2,1H3,(H,12,13)",BOLQJTPHPSDZHR-UHFFFAOYSA-N,COc1cc(CCC(=O)O)ccc1O,0,1.672950626
2514,NPC245561,"InChI=1S/C9H10O3/c10-8-4-1-7(2-5-8)3-6-9(11)12/h1-2,4-5,10H,3,6H2,(H,11,12)",NMHMNPHRMNGLLB-UHFFFAOYSA-N,O=C(O)CCc1ccc(O)cc1,0,1.520688415
2657,NPC314252,"InChI=1S/C7H7NO3/c8-5-3-4(7(10)11)1-2-6(5)9/h1-3,9H,8H2,(H,10,11)",MRBKRZAPGUCWOS-UHFFFAOYSA-N,Nc1cc(C(=O)O)ccc1O,0,1.826367445
2674,NPC160179,"InChI=1S/C7H7NO2/c8-7(10)5-1-3-6(9)4-2-5/h1-4,9H,(H2,8,10)",QXSAKPUBHTZHKW-UHFFFAOYSA-N,NC(=O)c1ccc(O)cc1,0,1.477100136
2922,NPC254625,"InChI=1S/C19H24O5/c1-20-15-9-8-13(10-16(15)21-2)6-7-14-11-17(22-3)19(24-5)18(12-14)23-4/h8-12H,6-7H2,1-5H3",XKKZNLRWNSUNBW-UHFFFAOYSA-N,COc1ccc(CCc2cc(OC)c(OC)c(OC)c2)cc1OC,0,1.810703298
3042,NPC122513,"InChI=1S/C9H12O4/c1-11-7-5-9(13-3)8(12-2)4-6(7)10/h4-5,10H,1-3H3",QUPHIMRKLSEULX-UHFFFAOYSA-N,COc1cc(OC)c(OC)cc1O,0,1.616953596
3080,NPC325778,"InChI=1S/C5H9NO3/c1-4(7)6-3-2-5(8)9/h2-3H2,1H3,(H,6,7)(H,8,9)",LJLLAWRMBZNPMO-UHFFFAOYSA-N,CC(=O)NCCC(=O)O,0,1.715459445
3146,NPC298134,"InChI=1S/C15H16O3/c1-10-4-12(16)8-14(6-10)18-15-7-11(2)5-13(9-15)17-3/h4-9,16H,1-3H3",MCACKYTWGZKQCS-UHFFFAOYSA-N,COc1cc(C)cc(Oc2cc(C)cc(O)c2)c1,0,1.984686503
3537,NPC41562,"InChI=1S/C15H16O3/c1-18-15-13(16)9-12(10-14(15)17)8-7-11-5-3-2-4-6-11/h2-6,9-10,16-17H,7-8H2,1H3",UXZPELIPQAUZMK-UHFFFAOYSA-N,COc1c(O)cc(CCc2ccccc2)cc1O,0,1.91164348
3631,NPC251855,"InChI=1S/C18H22O5/c1-20-14-8-7-12(9-15(14)21-2)5-6-13-10-16(22-3)18(19)17(11-13)23-4/h7-11,19H,5-6H2,1-4H3",YUHRVKGYFHPWRI-UHFFFAOYSA-N,COc1ccc(CCc2cc(OC)c(O)c(OC)c2)cc1OC,0,1.862721504
3730,NPC196673,"InChI=1S/C15H10O3/c16-8-9-5-6-12-13(7-9)15(18)11-4-2-1-3-10(11)14(12)17/h1-7,16H,8H2",JYKHAJGLEVKEAA-UHFFFAOYSA-N,O=C1c2ccccc2C(=O)c2cc(CO)ccc21,0,1.840789182
3813,NPC241089,"InChI=1S/C7H6O4/c8-4-1-2-5(7(10)11)6(9)3-4/h1-3,8-9H,(H,10,11)",UIAFKZKHHVMJGS-UHFFFAOYSA-N,O=C(O)c1ccc(O)cc1O,0,1.770935084
4240,NPC171736,"InChI=1S/C22H44O2/c1-2-3-4-5-6-7-8-9-10-11-12-13-14-15-16-17-18-19-20-21-22(23)24/h2-21H2,1H3,(H,23,24)",UKMSUNONTOPOIO-UHFFFAOYSA-N,CCCCCCCCCCCCCCCCCCCCCC(=O)O,1,1.663412774
4280,NPC71525,"InChI=1S/C8H8O4/c1-12-5-2-3-7(9)6(4-5)8(10)11/h2-4,9H,1H3,(H,10,11)",IZZIWIAOVZOBLF-UHFFFAOYSA-N,COc1ccc(O)c(C(=O)O)c1,0,1.576869446
4289,NPC85292,"InChI=1S/C16H18O3/c1-19-16-11-15(18)10-7-13(16)4-2-3-12-5-8-14(17)9-6-12/h5-11,17-18H,2-4H2,1H3",CJJJQWAYMRTLJT-UHFFFAOYSA-N,COc1cc(O)ccc1CCCc1ccc(O)cc1,0,1.850695097
4332,NPC43275,"InChI=1S/C16H17NO2/c1-19-15-9-7-13(8-10-15)11-12-17-16(18)14-5-3-2-4-6-14/h2-10H,11-12H2,1H3,(H,17,18)",RAOWOXJDGFFKKD-UHFFFAOYSA-N,COc1ccc(CCN=C(O)c2ccccc2)cc1,0,1.847128384
4376,NPC304873,"InChI=1S/C10H12O2/c1-7(2)8-3-5-9(6-4-8)10(11)12/h3-7H,1-2H3,(H,11,12)",CKMXAIVXVKGGFM-UHFFFAOYSA-N,CC(C)c1ccc(C(=O)O)cc1,0,1.372244927
4423,NPC145053,"InChI=1S/C9H10O/c1-7-3-5-9(6-4-7)8(2)10/h3-6H,1-2H3",GNKZMNRKLCTJAY-UHFFFAOYSA-N,CC(=O)c1ccc(C)cc1,0,1.200633469
4680,NPC296527,"InChI=1S/C11H14N2O/c1-14-9-2-3-11-10(6-9)8(4-5-12)7-13-11/h2-3,6-7,13H,4-5,12H2,1H3",JTEJPPKMYBDEMY-UHFFFAOYSA-N,COc1ccc2[nH]cc(CCN)c2c1,0,1.92903597
4781,NPC234865,"InChI=1S/C17H14O4/c1-19-15-8-13-12(11-6-4-3-5-7-11)9-17(18)21-14(13)10-16(15)20-2/h3-10H,1-2H3",BUZZVHCRHOIKOC-UHFFFAOYSA-N,COc1cc2oc(=O)cc(-c3ccccc3)c2cc1OC,0,1.823969774
4925,NPC291545,"InChI=1S/C18H37/c1-3-5-7-9-11-13-15-17-18-16-14-12-10-8-6-4-2/h1,3-18H2,2H3",MDLWEBWGXACWGE-UHFFFAOYSA-N,[CH2]CCCCCCCCCCCCCCCCC,1,1.809625362
5151,NPC83214,"InChI=1S/C17H16N2O/c1-11-8-9-16(12(2)10-11)19-13(3)18-15-7-5-4-6-14(15)17(19)20/h4-10H,1-3H3",MPMDMUROZIYIIM-UHFFFAOYSA-N,Cc1ccc(-n2c(C)nc3ccccc3c2=O)c(C)c1,0,1.824229806
5247,NPC119271,"InChI=1S/C12H14O4/c1-3-15-11(13)9-7-5-6-8-10(9)12(14)16-4-2/h5-8H,3-4H2,1-2H3",FLKPEMZONWLCSK-UHFFFAOYSA-N,CCOC(=O)c1ccccc1C(=O)OCC,0,1.519779944
5534,NPC225706,"InChI=1S/C11H14O/c1-4-11(12)10-6-5-8(2)7-9(10)3/h5-7H,4H2,1-3H3",UWFRVQVNYNPBEF-UHFFFAOYSA-N,CCC(=O)c1ccc(C)cc1C,0,1.672048773
5621,NPC208760,"InChI=1S/C10H12O4/c1-6(11)7-4-8(13-2)10(12)9(5-7)14-3/h4-5,12H,1-3H3",OJOBTAOGJIWAGB-UHFFFAOYSA-N,COc1cc(C(C)=O)cc(OC)c1O,0,1.786307197
5629,NPC72831,"InChI=1S/C16H16O4/c1-18-13-10-15(20-3)14(19-2)9-12(13)16(17)11-7-5-4-6-8-11/h4-10H,1-3H3",CWXBRVFPEIGVSF-UHFFFAOYSA-N,COc1cc(OC)c(C(=O)c2ccccc2)cc1OC,0,1.614280081
5758,NPC19047,"InChI=1S/C23H46O2/c1-2-3-4-5-6-7-8-9-10-11-12-13-14-15-16-17-18-19-20-21-22-23(24)25/h2-22H2,1H3,(H,24,25)",XEZVDURJDFGERA-UHFFFAOYSA-N,CCCCCCCCCCCCCCCCCCCCCCC(=O)O,1,1.664700344
5789,NPC34131,"InChI=1S/C18H28O4/c1-14(2)8-6-4-5-7-9-18(20)22-13-15-10-11-16(19)17(12-15)21-3/h10-12,14,19H,4-9,13H2,1-3H3",RBCYRZPENADQGZ-UHFFFAOYSA-N,COc1cc(COC(=O)CCCCCCC(C)C)ccc1O,0,1.939024744
6015,NPC72394,"InChI=1S/C29H58O2/c1-2-3-4-5-6-7-8-9-10-11-12-13-14-15-16-17-18-19-20-21-22-23-24-25-26-27-28-29(30)31/h2-28H2,1H3,(H,30,31)",IHEJEKZAKSNRLY-UHFFFAOYSA-N,CCCCCCCCCCCCCCCCCCCCCCCCCCCCC(=O)O,1,1.698389933
6164,NPC154019,"InChI=1S/C12H16O2/c1-2-3-9-12(13)14-10-11-7-5-4-6-8-11/h4-8H,2-3,9-10H2,1H3",YZJCDVRXBOPXSQ-UHFFFAOYSA-N,CCCCC(=O)OCc1ccccc1,0,1.408742509
6276,NPC160381,"InChI=1S/C14H11NO2/c1-17-14(16)9-6-7-13-11(8-9)10-4-2-3-5-12(10)15-13/h2-8,15H,1H3",LZXXHWWSVRIDGR-UHFFFAOYSA-N,COC(=O)c1ccc2[nH]c3ccccc3c2c1,0,1.719663756
6801,NPC194109,"InChI=1S/C16H14O5/c1-18-9-4-5-10-11-7-14(19-2)15(20-3)8-12(11)16(17)21-13(10)6-9/h4-8H,1-3H3",CESWUYPTJUTSCP-UHFFFAOYSA-N,COc1ccc2c(c1)oc(=O)c1cc(OC)c(OC)cc12,0,1.950581039
6808,NPC123290,"InChI=1S/C15H14O2/c1-17-15-10-13(9-14(16)11-15)8-7-12-5-3-2-4-6-12/h2-11,16H,1H3",JVIXPWIEOVZVJC-UHFFFAOYSA-N,COc1cc(O)cc(C=Cc2ccccc2)c1,0,1.843405985
6980,NPC152804,"InChI=1S/C14H18O3/c1-9(2)7-13(16)12-8-11(10(3)15)5-6-14(12)17-4/h5-6,8-9H,7H2,1-4H3",BVWCFOXBDSMXEP-UHFFFAOYSA-N,COc1ccc(C(C)=O)cc1C(=O)CC(C)C,0,1.881137351
7239,NPC298796,"InChI=1S/C11H10O4/c1-13-7-5-9(14-2)8-3-4-11(12)15-10(8)6-7/h3-6H,1-2H3",NXJCRELRQHZBQA-UHFFFAOYSA-N,COc1cc(OC)c2ccc(=O)oc2c1,0,1.938733119
7265,NPC26551,"InChI=1S/C11H12O3/c1-13-10-6-5-9(4-3-7-12)8-11(10)14-2/h3-8H,1-2H3",KNUFNLWDGZQKKJ-UHFFFAOYSA-N,COc1ccc(C=CC=O)cc1OC,0,1.976879402
7310,NPC233599,"InChI=1S/C16H18O2/c1-17-15-10-8-13(9-11-15)6-7-14-4-3-5-16(12-14)18-2/h3-5,8-12H,6-7H2,1-2H3",RISOXQXSFOVFBL-UHFFFAOYSA-N,COc1ccc(CCc2cccc(OC)c2)cc1,0,1.424246491
7837,NPC474691,"InChI=1S/C12H16O3/c1-8(2)12(13)9-5-6-10(14-3)11(7-9)15-4/h5-8H,1-4H3",FGVRUUHJVIWSEN-UHFFFAOYSA-N,COc1ccc(C(=O)C(C)C)cc1OC,0,1.654725426
8454,NPC280869,"InChI=1S/C9H10O2/c1-7(10)6-8-2-4-9(11)5-3-8/h2-5,11H,6H2,1H3",VWMVAQHMFFZQGD-UHFFFAOYSA-N,CC(=O)Cc1ccc(O)cc1,0,1.680764952
8515,NPC143649,"InChI=1S/C12H14O5/c1-7(13)12(14)8-5-10(16-3)11(17-4)6-9(8)15-2/h5-6H,1-4H3",UUZQHDNTPXKEID-UHFFFAOYSA-N,COc1cc(OC)c(C(=O)C(C)=O)cc1OC,0,1.983211197
8644,NPC241224,"InChI=1S/C11H10O/c1-12-11-7-6-9-4-2-3-5-10(9)8-11/h2-8H,1H3",LUZDYPLAQQGJEA-UHFFFAOYSA-N,COc1ccc2ccccc2c1,0,1.237589473
8645,NPC475017,"InChI=1S/C24H32O4/c1-26-20-17-15-19(16-18-20)11-8-6-4-5-7-9-12-21(25)24-22(27-2)13-10-14-23(24)28-3/h10,13-18H,4-9,11-12H2,1-3H3",DBXOINQVJUWNRR-UHFFFAOYSA-N,COc1ccc(CCCCCCCCC(=O)c2c(OC)cccc2OC)cc1,1,1.952771199
8738,NPC231717,"InChI=1S/C9H10O2/c1-6-5-8(11)3-4-9(6)7(2)10/h3-5,11H,1-2H3",IAMNVCJECQWBLZ-UHFFFAOYSA-N,CC(=O)c1ccc(O)cc1C,0,1.80764649
8759,NPC138050,"InChI=1S/C14H12O4/c1-18-10-7-11(15)13(12(16)8-10)14(17)9-5-3-2-4-6-9/h2-8,15-16H,1H3",HNJZOHHIXSIJFG-UHFFFAOYSA-N,COc1cc(O)c(C(=O)c2ccccc2)c(O)c1,0,1.867960657
8760,NPC77955,"InChI=1S/C17H14O4/c1-19-15-8-7-11(9-17(15)20-2)16-10-13(18)12-5-3-4-6-14(12)21-16/h3-10H,1-2H3",ZGHORMOOTZTQFL-UHFFFAOYSA-N,COc1ccc(-c2cc(=O)c3ccccc3o2)cc1OC,0,1.827555928
8779,NPC208861,"InChI=1S/C15H30O/c1-3-5-7-9-11-13-15(16)14-12-10-8-6-4-2/h3-14H2,1-2H3",PQYGSSYFJIJDFK-UHFFFAOYSA-N,CCCCCCCC(=O)CCCCCCC,1,1.787120783
8961,NPC94637,"InChI=1S/C9H10O3/c1-2-12-9(11)7-5-3-4-6-8(7)10/h3-6,10H,2H2,1H3",GYCKQBWUSACYIF-UHFFFAOYSA-N,CCOC(=O)c1ccccc1O,0,1.468798904
8969,NPC282000,"InChI=1S/C18H22O4/c1-20-15-9-8-14(17(12-15)21-2)6-4-5-13-7-10-16(19)18(11-13)22-3/h7-12,19H,4-6H2,1-3H3",CSYXIPWVEURUOB-UHFFFAOYSA-N,COc1ccc(CCCc2ccc(O)c(OC)c2)c(OC)c1,0,1.852483903
9201,NPC259251,"InChI=1S/C11H22O2/c1-3-5-7-8-9-11(12)13-10-6-4-2/h3-10H2,1-2H3",YPQSPODHFDGVAC-UHFFFAOYSA-N,CCCCCCC(=O)OCCCC,0,1.649651288
9636,NPC473587,"InChI=1S/C15H15N/c1-2-6-11-7-5-9-13-12-8-3-4-10-14(12)16-15(11)13/h3-5,7-10,16H,2,6H2,1H3",NEKVNWJRLIKKJA-UHFFFAOYSA-N,CCCc1cccc2c1[nH]c1ccccc12,0,1.85185584
9756,NPC120529,"InChI=1S/C10H10O3/c1-7(12)8-3-4-10(13-2)9(5-8)6-11/h3-6H,1-2H3",WGQVKYPDHREEJU-UHFFFAOYSA-N,COc1ccc(C(C)=O)cc1C=O,0,1.838258651
9941,NPC108875,"InChI=1S/C14H20O2/c1-12(2)9-11-16-14-7-5-13(6-8-14)4-3-10-15/h5-9,15H,3-4,10-11H2,1-2H3",JYSMWPSRMOZRPR-UHFFFAOYSA-N,CC(C)=CCOc1ccc(CCCO)cc1,0,1.947025398
10043,NPC250455,"InChI=1S/C15H16O/c1-16-15-11-9-14(10-12-15)8-7-13-5-3-2-4-6-13/h2-6,9-12H,7-8H2,1H3",AFPZIAQJQAQDAQ-UHFFFAOYSA-N,COc1ccc(CCc2ccccc2)cc1,0,1.243868279
10226,NPC287174,"InChI=1S/C10H12O3/c1-2-13-10(12)7-8-3-5-9(11)6-4-8/h3-6,11H,2,7H2,1H3",HYUPPKVFCGIMDB-UHFFFAOYSA-N,CCOC(=O)Cc1ccc(O)cc1,0,1.580028212
10231,NPC250439,"InChI=1S/C9H10O4/c1-12-8-6(9(11)13-2)4-3-5-7(8)10/h3-5,10H,1-2H3",NKRCBDHKPQKBBU-UHFFFAOYSA-N,COC(=O)c1cccc(O)c1OC,0,1.888187882
10317,NPC254994,"InChI=1S/C13H8O3/c14-8-5-6-10-9-3-1-2-4-11(9)13(15)16-12(10)7-8/h1-7,14H",WXUQMTRHPNOXBV-UHFFFAOYSA-N,O=c1oc2cc(O)ccc2c2ccccc12,0,1.857760181
10347,NPC254158,"InChI=1S/C6H12O2/c1-3-4-5-6(7)8-2/h3-5H2,1-2H3",HNBDRPTVWVGKBR-UHFFFAOYSA-N,CCCCC(=O)OC,0,1.556299539
10672,NPC166341,"InChI=1S/C16H18/c1-3-13-10-11-16(12-14(13)4-2)15-8-6-5-7-9-15/h5-12H,3-4H2,1-2H3",ZTLWBQOFTIFRHI-UHFFFAOYSA-N,CCc1ccc(-c2ccccc2)cc1CC,0,1.577492957
10822,NPC212797,"InChI=1S/C11H12O6/c1-6(12)17-10-8(15-2)4-7(11(13)14)5-9(10)16-3/h4-5H,1-3H3,(H,13,14)",VEJHIZHVFWVWRQ-UHFFFAOYSA-N,COc1cc(C(=O)O)cc(OC)c1OC(C)=O,0,1.833063505
10910,NPC299069,"InChI=1S/C11H14O2/c1-2-8-13-11(12)9-10-6-4-3-5-7-10/h3-7H,2,8-9H2,1H3",GXXFZZLGPFNITM-UHFFFAOYSA-N,CCCOC(=O)Cc1ccccc1,0,1.460547442
10933,NPC4164,"InChI=1S/C15H14O4/c1-18-14-9-5-2-6-11(14)10-19-15(17)12-7-3-4-8-13(12)16/h2-9,16H,10H2,1H3",YLHAQKVIXLQIFW-UHFFFAOYSA-N,COc1ccccc1COC(=O)c1ccccc1O,0,1.639148944
11165,NPC116238,"InChI=1S/C15H13NO3/c1-18-14-8-13-10(7-11(14)15(17)19-2)9-5-3-4-6-12(9)16-13/h3-8,16H,1-2H3",BYDOYRHWHKPKQP-UHFFFAOYSA-N,COC(=O)c1cc2c(cc1OC)[nH]c1ccccc12,0,1.908089969
11174,NPC174099,"InChI=1S/C14H18O6/c1-17-7-9-19-13(15)11-5-3-4-6-12(11)14(16)20-10-8-18-2/h3-6H,7-10H2,1-2H3",HSUIVCLOAAJSRE-UHFFFAOYSA-N,COCCOC(=O)c1ccccc1C(=O)OCCOC,0,1.866730081
11180,NPC485638,"InChI=1S/C18H18O5/c1-21-13-6-7-14(17(11-13)22-2)15(19)8-4-12-5-9-16(20)18(10-12)23-3/h4-11,20H,1-3H3/b8-4+",OYMZDQBBPCQOBK-XBXARRHUSA-N,COc1ccc(C(=O)/C=C/c2ccc(O)c(OC)c2)c(OC)c1,0,1.978784725
11351,NPC30216,"InChI=1S/C12H14O3/c1-14-11-6-8-4-3-5-10(13)9(8)7-12(11)15-2/h6-7H,3-5H2,1-2H3",YNNJHKOXXBIJKK-UHFFFAOYSA-N,COc1cc2c(cc1OC)C(=O)CCC2,0,1.881785866
11374,NPC300326,"InChI=1S/C11H12O5/c1-15-8-5-7(3-4-10(12)13)6-9(16-2)11(8)14/h3-6,14H,1-2H3,(H,12,13)/b4-3+",PCMORTLOPMLEFB-ONEGZZNKSA-N,COc1cc(/C=C/C(=O)O)cc(OC)c1O,0,1.977193198
11609,NPC472093,"InChI=1S/C17H20O5/c1-20-14-7-6-11(8-13(14)18)4-5-12-9-15(21-2)17(19)16(10-12)22-3/h6-10,18-19H,4-5H2,1-3H3",DZSCHUVHPWQTCQ-UHFFFAOYSA-N,COc1ccc(CCc2cc(OC)c(O)c(OC)c2)cc1O,0,1.982310999
11738,NPC471612,"InChI=1S/C16H12O4/c1-19-9-3-5-11-13(7-9)15(17)12-6-4-10(20-2)8-14(12)16(11)18/h3-8H,1-2H3",VZXGMACDZPAQOP-UHFFFAOYSA-N,COc1ccc2c(c1)C(=O)c1ccc(OC)cc1C2=O,0,1.831773488
11757,NPC201542,"InChI=1S/C15H10O3/c1-8-2-4-10-12(6-8)15(18)13-7-9(16)3-5-11(13)14(10)17/h2-7,16H,1H3",UMJCTADKPMCLGQ-UHFFFAOYSA-N,Cc1ccc2c(c1)C(=O)c1cc(O)ccc1C2=O,0,1.952383426
11896,NPC173187,"InChI=1S/C7H7NO3/c1-11-6-3-2-5(4-8-6)7(9)10/h2-4H,1H3,(H,9,10)",NVDJVEQITUWZDT-UHFFFAOYSA-N,COc1ccc(C(=O)O)cn1,0,1.760892644
12003,NPC61373,"InChI=1S/C8H18O/c1-3-5-7-9-8-6-4-2/h3-8H2,1-2H3",DURPTKYDGMDSBL-UHFFFAOYSA-N,CCCCOCCCC,0,1.644364623
12292,NPC306098,"InChI=1S/C14H18O/c1-11(15)12-7-9-14(10-8-12)13-5-3-2-4-6-13/h7-10,13H,2-6H2,1H3",MSDQNIRGPBARGC-UHFFFAOYSA-N,CC(=O)c1ccc(C2CCCCC2)cc1,0,1.610667287
12345,NPC277277,"InChI=1S/C12H10O/c1-9(13)11-7-6-10-4-2-3-5-12(10)8-11/h2-8H,1H3",XSAYZAUNJMRRIR-UHFFFAOYSA-N,CC(=O)c1ccc2ccccc2c1,0,1.382021039
12406,NPC285470,"InChI=1S/C9H10O/c1-2-9(10)8-6-4-3-5-7-8/h3-7H,2H2,1H3",KRIOVPPHQSLHCZ-UHFFFAOYSA-N,CCC(=O)c1ccccc1,0,1.315700685
12485,NPC87563,"InChI=1S/C10H8O3/c1-12-8-3-4-9-7(6-8)2-5-10(11)13-9/h2-6H,1H3",VKVCJIMMVPXDQD-UHFFFAOYSA-N,COc1ccc2oc(=O)ccc2c1,0,1.737418128
12714,NPC230403,"InChI=1S/C11H9NO3/c1-15-11(14)8-6-5-7-3-2-4-9(13)10(7)12-8/h2-6,13H,1H3",DTYHRSIQPYNEJX-UHFFFAOYSA-N,COC(=O)c1ccc2cccc(O)c2n1,0,1.983080372
12795,NPC261573,"InChI=1S/C19H22O3/c20-17(10-7-16-8-13-19(22)14-9-16)4-2-1-3-15-5-11-18(21)12-6-15/h5-6,8-9,11-14,21-22H,1-4,7,10H2",QUHYUSAHBDACNG-UHFFFAOYSA-N,O=C(CCCCc1ccc(O)cc1)CCc1ccc(O)cc1,0,1.90391017
12940,NPC149299,"InChI=1S/C14H28O2/c1-3-5-7-9-10-12-14(15)16-13-11-8-6-4-2/h3-13H2,1-2H3",PBGWNXWNCSSXCO-UHFFFAOYSA-N,CCCCCCCC(=O)OCCCCCC,0,1.70104386
13143,NPC103967,"InChI=1S/C19H16O3/c1-22-19-17(14-10-6-3-7-11-14)16(20)12-15(18(19)21)13-8-4-2-5-9-13/h2-12,20-21H,1H3",JZSWOSGTHVXPLU-UHFFFAOYSA-N,COc1c(O)c(-c2ccccc2)cc(O)c1-c1ccccc1,0,1.950784896
13199,NPC66705,"InChI=1S/C17H12O4/c1-20-13-8-7-12-9-14(17(19)21-15(12)10-13)16(18)11-5-3-2-4-6-11/h2-10H,1H3",HYORIVUCOQKMOC-UHFFFAOYSA-N,COc1ccc2cc(C(=O)c3ccccc3)c(=O)oc2c1,0,1.835282082
13263,NPC484604,"InChI=1S/C13H12O2/c1-9-4-3-5-10-6-7-12(14)13(15-2)8-11(9)10/h3-8H,1-2H3",VGTRRVYFVKZHFC-UHFFFAOYSA-N,COc1cc2c(C)cccc2ccc1=O,0,1.898028723
13364,NPC205229,"InChI=1S/C20H22O4/c1-2-3-14-23-19(21)17-11-7-8-12-18(17)20(22)24-15-13-16-9-5-4-6-10-16/h4-12H,2-3,13-15H2,1H3",SKLDSBDDFLLJHC-UHFFFAOYSA-N,CCCCOC(=O)c1ccccc1C(=O)OCCc1ccccc1,0,1.756575948
13366,NPC198118,InChI=1S/C15H28O/c16-15-13-11-9-7-5-3-1-2-4-6-8-10-12-14-15/h1-14H2,OSOIQJGOYGSIMF-UHFFFAOYSA-N,O=C1CCCCCCCCCCCCCC1,1,1.972574085
13506,NPC260818,"InChI=1S/C12H14O4/c1-2-3-8-16-12(15)10-7-5-4-6-9(10)11(13)14/h4-7H,2-3,8H2,1H3,(H,13,14)",YZBOVSFWWNVKRJ-UHFFFAOYSA-N,CCCCOC(=O)c1ccccc1C(=O)O,0,1.594549175
13607,NPC203651,InChI=1S/C28H16O2/c29-27-21-13-5-1-9-17(21)25(18-10-2-6-14-22(18)27)26-19-11-3-7-15-23(19)28(30)24-16-8-4-12-20(24)26/h1-16H,MGRRGKWPEVFJSH-UHFFFAOYSA-N,O=C1c2ccccc2C(=C2c3ccccc3C(=O)c3ccccc32)c2ccccc21,1,1.666207803
13729,NPC96915,"InChI=1S/C14H8O4/c15-9-5-6-10(16)12-11(9)13(17)7-3-1-2-4-8(7)14(12)18/h1-6,15-16H",GUEIZVNYDFNHJU-UHFFFAOYSA-N,O=C1c2ccccc2C(=O)c2c(O)ccc(O)c21,0,1.978663426
13820,NPC285776,"InChI=1S/C9H10O4/c1-12-7-4-3-6(9(10)11)5-8(7)13-2/h3-5H,1-2H3,(H,10,11)",DAUAQNGYDSHRET-UHFFFAOYSA-N,COc1ccc(C(=O)O)cc1OC,0,1.347222607
13969,NPC142492,InChI=1S/C5H10/c1-2-4-5-3-1/h1-5H2,RGSFGYAAUTVSQA-UHFFFAOYSA-N,C1CCCC1,0,1
14144,NPC318457,"InChI=1S/C6H12O4/c1-2-9-3-4-10-5-6(7)8/h2-5H2,1H3,(H,7,8)",LVLQKFRSMSHJIE-UHFFFAOYSA-N,CCOCCOCC(=O)O,0,1.999387315
14488,NPC159418,"InChI=1S/C9H10O4/c1-12-8-5-6(9(11)13-2)3-4-7(8)10/h3-5,10H,1-2H3",BVWTXUYLKBHMOX-UHFFFAOYSA-N,COC(=O)c1ccc(O)c(OC)c1,0,1.552224805
14610,NPC227707,"InChI=1S/C6H12O6/c7-1-2(8)4(10)6(12)5(11)3(1)9/h1-12H/t1-,2-,3-,4+,5-,6+",CDAISMWEOUEBRE-NIPYSYMMSA-N,O[C@H]1[C@@H](O)[C@@H](O)[C@@H](O)[C@@H](O)[C@@H]1O,1,1.713869359
14732,NPC234639,"InChI=1S/C9H10O3/c1-12-8-4-2-7(3-5-8)6-9(10)11/h2-5H,6H2,1H3,(H,10,11)",NRPFNQUDKRYCNX-UHFFFAOYSA-N,COc1ccc(CC(=O)O)cc1,0,1.331210093
14733,NPC284424,"InChI=1S/C16H12O3/c1-18-12-7-8-13-14(17)10-15(19-16(13)9-12)11-5-3-2-4-6-11/h2-10H,1H3",QKNDCRMJDZLFEG-UHFFFAOYSA-N,COc1ccc2c(=O)cc(-c3ccccc3)oc2c1,0,1.761758034
14827,NPC242928,"InChI=1S/C14H13NO/c1-9-7-11-10-5-3-4-6-12(10)15-14(11)13(8-9)16-2/h3-8,15H,1-2H3",HDETUOZJFUNSKG-UHFFFAOYSA-N,COc1cc(C)cc2c1[nH]c1ccccc12,0,1.873969211
15211,NPC249067,"InChI=1S/C14H12O2/c15-13(11-7-3-1-4-8-11)14(16)12-9-5-2-6-10-12/h1-10,13,15H",ISAOCJYIOMOJEB-UHFFFAOYSA-N,O=C(c1ccccc1)C(O)c1ccccc1,0,1.97540974
15454,NPC305518,"InChI=1S/C10H12O4/c1-6(11)10-8(12)4-7(13-2)5-9(10)14-3/h4-5,12H,1-3H3",FBUBVLUPUDBFME-UHFFFAOYSA-N,COc1cc(O)c(C(C)=O)c(OC)c1,0,1.929959172
15522,NPC111200,"InChI=1S/C13H26O2/c1-3-5-7-8-9-10-12-15-13(14)11-6-4-2/h3-12H2,1-2H3",OUYCCOBIJYUMAK-UHFFFAOYSA-N,CCCCCCCCOC(=O)CCCC,0,1.710650701
15647,NPC165522,"InChI=1S/C14H12O4/c1-18-14-11(15)8-7-10(13(14)17)12(16)9-5-3-2-4-6-9/h2-8,15,17H,1H3",CTCWYLTZEXJDHK-UHFFFAOYSA-N,COc1c(O)ccc(C(=O)c2ccccc2)c1O,0,1.906167734
16025,NPC260000,"InChI=1S/C10H12O2/c1-8(11)2-3-9-4-6-10(12)7-5-9/h4-7,12H,2-3H2,1H3",NJGBTKGETPDVIK-UHFFFAOYSA-N,CC(=O)CCc1ccc(O)cc1,0,1.648819883
16068,NPC184408,"InChI=1S/C14H11NO3/c1-18-12-7-8(14(16)17)6-10-9-4-2-3-5-11(9)15-13(10)12/h2-7,15H,1H3,(H,16,17)",VZOALRHIINZPKX-UHFFFAOYSA-N,COc1cc(C(=O)O)cc2c1[nH]c1ccccc12,0,1.939210901
16331,NPC17537,"InChI=1S/C9H10O4/c1-12-7-2-4-8(5-3-7)13-6-9(10)11/h2-5H,6H2,1H3,(H,10,11)",BHFSBJHPPFJCOS-UHFFFAOYSA-N,COc1ccc(OCC(=O)O)cc1,0,1.350008981
16519,NPC224743,"InChI=1S/C12H24O2/c1-3-5-7-8-9-10-12(13)14-11-6-4-2/h3-11H2,1-2H3",PSXNDMJWRZYVTM-UHFFFAOYSA-N,CCCCCCCC(=O)OCCCC,0,1.668461651
16584,NPC84086,"InChI=1S/C13H12O4/c1-17-11-5-9(4-10(14)7-11)8-2-3-12(15)13(16)6-8/h2-7,14-16H,1H3",HJLYFNCCMQXANZ-UHFFFAOYSA-N,COc1cc(O)cc(-c2ccc(O)c(O)c2)c1,0,1.985291786
16793,NPC149101,"InChI=1S/C16H32O/c1-3-4-5-6-7-8-9-10-11-12-13-14-15-16(2)17/h3-15H2,1-2H3",XCXKZBWAKKPFCJ-UHFFFAOYSA-N,CCCCCCCCCCCCCCC(C)=O,1,1.759249274
16799,NPC470626,"InChI=1S/C17H20O4/c1-19-15-8-6-12(10-14(15)18)4-5-13-7-9-16(20-2)17(11-13)21-3/h6-11,18H,4-5H2,1-3H3",UPOANTHMCQBWOE-UHFFFAOYSA-N,COc1ccc(CCc2ccc(OC)c(OC)c2)cc1O,0,1.747127062
16808,NPC211421,"InChI=1S/C8H8O3/c1-5-3-2-4-6(7(5)9)8(10)11/h2-4,9H,1H3,(H,10,11)",WHSXTWFYRGOBGO-UHFFFAOYSA-N,Cc1cccc(C(=O)O)c1O,0,1.656923944
16936,NPC245552,"InChI=1S/C12H14O3/c1-4-5-10-6-7-11(15-9(2)13)12(8-10)14-3/h4-8H,1-3H3/b5-4+",IUSBVFZKQJGVEP-SNAWJCMRSA-N,C/C=C/c1ccc(OC(C)=O)c(OC)c1,0,1.960048316
17185,NPC321428,"InChI=1S/C10H9NO3/c1-14-7-2-3-8-6(4-7)5-9(11-8)10(12)13/h2-5,11H,1H3,(H,12,13)",YEBJVSLNUMZXRJ-UHFFFAOYSA-N,COc1ccc2[nH]c(C(=O)O)cc2c1,0,1.887262834
17691,NPC323782,"InChI=1S/C13H18O2/c1-13(2,3)12(14)15-10-9-11-7-5-4-6-8-11/h4-8H,9-10H2,1-3H3",DPVYDTACPLLHCF-UHFFFAOYSA-N,CC(C)(C)C(=O)OCCc1ccccc1,0,1.672592031
17813,NPC470708,"InChI=1S/C14H17NO3/c16-14(15-7-3-1-2-4-8-15)11-5-6-12-13(9-11)18-10-17-12/h5-6,9H,1-4,7-8,10H2",ABPXISKFLMGPJG-UHFFFAOYSA-N,O=C(c1ccc2c(c1)OCO2)N1CCCCCC1,0,1.77512486
17934,NPC198126,"InChI=1S/C4H8O3/c5-3-1-2-4(6)7/h5H,1-3H2,(H,6,7)",SJZRECIVHVDYJC-UHFFFAOYSA-N,O=C(O)CCCO,0,1.829931279
17997,NPC86545,"InChI=1S/C12H24O2/c1-3-4-5-6-7-8-9-10-11-14-12(2)13/h3-11H2,1-2H3",NUPSHWCALHZGOV-UHFFFAOYSA-N,CCCCCCCCCCOC(C)=O,0,1.691190645
18041,NPC299582,"InChI=1S/C17H15NO2/c1-18-15(12-6-4-3-5-7-12)11-17(19)14-9-8-13(20-2)10-16(14)18/h3-11H,1-2H3",SNNYHVVKJUPXKZ-UHFFFAOYSA-N,COc1ccc2c(=O)cc(-c3ccccc3)n(C)c2c1,0,1.929608103
18210,NPC141555,"InChI=1S/C9H10O3/c1-6(10)7-3-4-9(12-2)8(11)5-7/h3-5,11H,1-2H3",YLTGFGDODHXMFB-UHFFFAOYSA-N,COc1ccc(C(C)=O)cc1O,0,1.620744446
18303,NPC808,"InChI=1S/C15H16O3/c1-18-15-5-3-2-4-12(15)7-6-11-8-13(16)10-14(17)9-11/h2-5,8-10,16-17H,6-7H2,1H3",ZXGSOIIHJOKSSX-UHFFFAOYSA-N,COc1ccccc1CCc1cc(O)cc(O)c1,0,1.91467063
18565,NPC205468,"InChI=1S/C16H14O4/c1-20-13-7-8-14(16(19)10-13)15(18)9-4-11-2-5-12(17)6-3-11/h2-10,17,19H,1H3/b9-4+",MOESXQFGHNEYAH-RUDMXATFSA-N,COc1ccc(C(=O)/C=C/c2ccc(O)cc2)c(O)c1,0,1.961012499
18714,NPC2823,"InChI=1S/C15H13N3O/c1-16-11-8-6-10(7-9-11)14-17-13-5-3-2-4-12(13)15(19)18-14/h2-9,16H,1H3,(H,17,18,19)",HPAJBWPBFGTJFP-UHFFFAOYSA-N,CNc1ccc(-c2nc(=O)c3ccccc3[nH]2)cc1,0,1.879510762
19010,NPC175298,"InChI=1S/C11H12O2/c1-9(12)3-4-10-5-7-11(13-2)8-6-10/h3-8H,1-2H3/b4-3+",WRRZKDVBPZBNJN-ONEGZZNKSA-N,COc1ccc(/C=C/C(C)=O)cc1,0,1.704478212
19186,NPC33886,"InChI=1S/C10H10O3/c1-13-9-5-2-8(3-6-9)4-7-10(11)12/h2-7H,1H3,(H,11,12)",AFDXODALSZRGIH-UHFFFAOYSA-N,COc1ccc(C=CC(=O)O)cc1,0,1.584082058
19206,NPC253455,"InChI=1S/C20H22O3/c1-23-20-15-17(12-14-19(20)22)11-13-18(21)10-6-5-9-16-7-3-2-4-8-16/h2-4,7-8,11-15,22H,5-6,9-10H2,1H3/b13-11+",OKVCTOBWIAGOMR-ACCUITESSA-N,COc1cc(/C=C/C(=O)CCCCc2ccccc2)ccc1O,0,1.964216696
19425,NPC180417,"InChI=1S/C6H6N2O2/c1-10-6(9)5-4-7-2-3-8-5/h2-4H,1H3",TWIIRMSFZNYMQE-UHFFFAOYSA-N,COC(=O)c1cnccn1,0,1.977428158
19931,NPC164706,"InChI=1S/C10H10O4/c1-14-9-4-2-7(6-8(9)11)3-5-10(12)13/h2-6,11H,1H3,(H,12,13)/b5-3+",QURCVMIEKCOAJU-HWKANZROSA-N,COc1ccc(/C=C/C(=O)O)cc1O,0,1.909676132
19995,NPC144051,"InChI=1S/C18H20O5/c1-21-13-7-4-12(5-8-13)6-9-15(19)18-16(20)10-14(22-2)11-17(18)23-3/h4-5,7-8,10-11,20H,6,9H2,1-3H3",KGFYDIZALLKOLQ-UHFFFAOYSA-N,COc1ccc(CCC(=O)c2c(O)cc(OC)cc2OC)cc1,0,1.954077994
20178,NPC157944,"InChI=1S/C10H12O4/c1-12-8-5-10(14-3)9(13-2)4-7(8)6-11/h4-6H,1-3H3",IAJBQAYHSQIQRE-UHFFFAOYSA-N,COc1cc(OC)c(OC)cc1C=O,0,1.800761557
20283,NPC312800,"InChI=1S/C7H6O4/c8-4-1-2-6(9)5(3-4)7(10)11/h1-3,8-9H,(H,10,11)",WXTMDXOMEHJXQO-UHFFFAOYSA-N,O=C(O)c1cc(O)ccc1O,0,1.80404649
20317,NPC111888,"InChI=1S/C8H8O4/c1-12-7-4-5(8(10)11)2-3-6(7)9/h2-4,9H,1H3,(H,10,11)",WKOLLVMJNQIZCI-UHFFFAOYSA-N,COc1cc(C(=O)O)ccc1O,0,1.542219446
20334,NPC57461,"InChI=1S/C17H18O5/c1-20-14-6-3-12(4-7-14)9-10-22-17(19)13-5-8-15(18)16(11-13)21-2/h3-8,11,18H,9-10H2,1-2H3",KJYOMMGKRDOHEA-UHFFFAOYSA-N,COc1ccc(CCOC(=O)c2ccc(O)c(OC)c2)cc1,0,1.726294077
20394,NPC206201,"InChI=1S/C18H15NO2/c1-2-4-16-14(3-1)7-9-15(19-16)8-5-13-6-10-17-18(11-13)21-12-20-17/h1-4,6-7,9-11H,5,8,12H2",ZDRLPWFUZOCXJT-UHFFFAOYSA-N,c1ccc2nc(CCc3ccc4c(c3)OCO4)ccc2c1,0,1.966524939
20403,NPC12771,"InChI=1S/C10H12O3/c1-6-4-8(13-3)5-7(2)9(6)10(11)12/h4-5H,1-3H3,(H,11,12)",GFWRERVOFRPXKB-UHFFFAOYSA-N,COc1cc(C)c(C(=O)O)c(C)c1,0,1.791075497
20616,NPC125252,"InChI=1S/C8H8O3/c1-5-3-2-4-6(9)7(5)8(10)11/h2-4,9H,1H3,(H,10,11)",HCJMNOSIAGSZBM-UHFFFAOYSA-N,Cc1cccc(O)c1C(=O)O,0,1.830086808
20692,NPC209472,"InChI=1S/C9H10O3/c1-6-3-4-7(9(10)11)5-8(6)12-2/h3-5H,1-2H3,(H,10,11)",CEAVPXDEPGAVDA-UHFFFAOYSA-N,COc1cc(C(=O)O)ccc1C,0,1.438585311
20786,NPC289883,"InChI=1S/C15H10O2/c1-9-6-7-12-13(8-9)15(17)11-5-3-2-4-10(11)14(12)16/h2-8H,1H3",NJWGQARXZDRHCD-UHFFFAOYSA-N,Cc1ccc2c(c1)C(=O)c1ccccc1C2=O,0,1.682769466
20797,NPC2682,"InChI=1S/C17H20O3/c1-18-15-6-4-5-13(9-15)7-8-14-10-16(19-2)12-17(11-14)20-3/h4-6,9-12H,7-8H2,1-3H3",JKLWPFRFUHSWOA-UHFFFAOYSA-N,COc1cccc(CCc2cc(OC)cc(OC)c2)c1,0,1.69938786
20874,NPC267198,"InChI=1S/C11H10O2/c1-13-11-7-6-10(12)8-4-2-3-5-9(8)11/h2-7,12H,1H3",BOTGCZBEERTTDQ-UHFFFAOYSA-N,COc1ccc(O)c2ccccc12,0,1.520744532
20889,NPC322345,"InChI=1S/C12H10O2/c1-8-4-2-6-10-9(8)5-3-7-11(10)12(13)14/h2-7H,1H3,(H,13,14)",VLEZTIKHFUAVRK-UHFFFAOYSA-N,Cc1cccc2c(C(=O)O)cccc12,0,1.567406029
21193,NPC73698,"InChI=1S/C10H12O5/c1-13-7-5-4-6(10(12)15-3)8(11)9(7)14-2/h4-5,11H,1-3H3",ODKFBQCYKKPNLJ-UHFFFAOYSA-N,COC(=O)c1ccc(OC)c(OC)c1O,0,1.856720042
21388,NPC153690,"InChI=1S/C15H15NO2/c17-14-8-6-12(7-9-14)10-11-16-15(18)13-4-2-1-3-5-13/h1-9,17H,10-11H2,(H,16,18)",MUCNBPCTSRYLCB-UHFFFAOYSA-N,OC(=NCCc1ccc(O)cc1)c1ccccc1,0,1.967758621
21478,NPC32163,"InChI=1S/C9H10O3/c1-6(10)7-3-4-8(11)9(5-7)12-2/h3-5,11H,1-2H3",DFYRUELUNQRZTB-UHFFFAOYSA-N,COc1cc(C(C)=O)ccc1O,0,1.579093484
21778,NPC135002,"InChI=1S/C9H10O/c1-7-4-3-5-9(6-7)8(2)10/h3-6H,1-2H3",FSPSELPMWGWDRY-UHFFFAOYSA-N,CC(=O)c1cccc(C)c1,0,1.333720649
22035,NPC132565,"InChI=1S/C25H50O2/c1-2-3-4-5-6-7-8-9-10-11-12-13-14-15-16-17-18-19-20-21-22-23-24-25(26)27/h2-24H2,1H3,(H,26,27)",MWMPEAHGUXCSMY-UHFFFAOYSA-N,CCCCCCCCCCCCCCCCCCCCCCCCC(=O)O,1,1.671311065
22104,NPC328466,"InChI=1S/C7H12O4/c1-6(8)10-4-3-5-11-7(2)9/h3-5H2,1-2H3",DSVGICPKBRQDDX-UHFFFAOYSA-N,CC(=O)OCCCOC(C)=O,0,1.920621556
22259,NPC15441,"InChI=1S/C14H14/c1-11-5-3-7-13(9-11)14-8-4-6-12(2)10-14/h3-10H,1-2H3",GVEDOIATHPCYGS-UHFFFAOYSA-N,Cc1cccc(-c2cccc(C)c2)c1,0,1.341045201
22364,NPC307615,"InChI=1S/C17H14O4/c1-19-11-7-8-15(20-2)13(9-11)17-10-14(18)12-5-3-4-6-16(12)21-17/h3-10H,1-2H3",YVAMPWXEJCQAJJ-UHFFFAOYSA-N,COc1ccc(OC)c(-c2cc(=O)c3ccccc3o2)c1,0,1.892095159
22515,NPC321852,"InChI=1S/C13H16O4/c1-2-3-6-9-17-13(16)11-8-5-4-7-10(11)12(14)15/h4-5,7-8H,2-3,6,9H2,1H3,(H,14,15)",FPGPRAKRYDSZAW-UHFFFAOYSA-N,CCCCCOC(=O)c1ccccc1C(=O)O,0,1.615614209
22803,NPC99573,"InChI=1S/C6H12O6/c7-1-2(8)4(10)6(12)5(11)3(1)9/h1-12H/t1-,2-,3+,4+,5-,6-",CDAISMWEOUEBRE-CDRYSYESSA-N,O[C@H]1[C@H](O)[C@@H](O)[C@H](O)[C@@H](O)[C@@H]1O,1,1.713869359
22877,NPC245773,"InChI=1S/C25H50O2/c1-3-5-6-7-8-9-10-11-12-13-14-15-16-17-18-19-20-21-22-23-24-25(26)27-4-2/h3-24H2,1-2H3",URGDXLFVAIKCMI-UHFFFAOYSA-N,CCCCCCCCCCCCCCCCCCCCCCC(=O)OCC,1,1.78455621
22902,NPC240163,"InChI=1S/C8H8O3/c1-5(9)7-4-6(10)2-3-8(7)11/h2-4,10-11H,1H3",WLDWSGZHNBANIO-UHFFFAOYSA-N,CC(=O)c1cc(O)ccc1O,0,1.905853917
22908,NPC159525,"InChI=1S/C15H14O4/c16-12-5-1-10(2-6-12)14(18)8-4-11-3-7-13(17)9-15(11)19/h1-3,5-7,9,16-17,19H,4,8H2",IVBQZFJZIGYXMK-UHFFFAOYSA-N,O=C(CCc1ccc(O)cc1O)c1ccc(O)cc1,0,1.969640816
22929,NPC16651,"InChI=1S/C10H12O3/c1-3-8(11)7-4-5-9(12)10(6-7)13-2/h4-6,12H,3H2,1-2H3",FBGXENQFSMMBNY-UHFFFAOYSA-N,CCC(=O)c1ccc(O)c(OC)c1,0,1.735583486
23032,NPC153439,"InChI=1S/C15H30O/c1-3-4-5-6-7-8-9-10-11-12-13-14-15(2)16/h3-14H2,1-2H3",CJPNOLIZCWDHJK-UHFFFAOYSA-N,CCCCCCCCCCCCCC(C)=O,1,1.738585398
23109,NPC258000,"InChI=1S/C30H60O2/c1-2-3-4-5-6-7-8-9-10-11-12-13-14-15-16-17-18-19-20-21-22-23-24-25-26-27-28-29-30(31)32/h2-29H2,1H3,(H,31,32)",VHOCUJPBKOZGJD-UHFFFAOYSA-N,CCCCCCCCCCCCCCCCCCCCCCCCCCCCCC(=O)O,1,1.707659022
23242,NPC230869,"InChI=1S/C10H11NO/c12-6-5-8-7-11-10-4-2-1-3-9(8)10/h1-4,7,11-12H,5-6H2",MBBOMCVGYCRMEA-UHFFFAOYSA-N,OCCc1c[nH]c2ccccc12,0,1.78900266
23258,NPC38790,"InChI=1S/C18H16O3/c1-20-14-9-10-18-16(11-14)17(19)12-15(21-18)8-7-13-5-3-2-4-6-13/h2-6,9-12H,7-8H2,1H3",JOYYVGVYUHRBAE-UHFFFAOYSA-N,COc1ccc2oc(CCc3ccccc3)cc(=O)c2c1,0,1.917287252
23282,NPC291428,"InChI=1S/C16H12O4/c1-19-12-5-2-10(3-6-12)14-9-20-15-8-11(17)4-7-13(15)16(14)18/h2-9,17H,1H3/i8+1,14+1,16+1",HKQYGTCOTHHOMP-OPOMHRLSSA-N,COc1ccc(-[13c]2coc3[13cH]c(O)ccc3[13c]2=O)cc1,0,1.952252637
23284,NPC177291,"InChI=1S/C11H14O4/c1-14-10-7-8(3-5-9(10)12)4-6-11(13)15-2/h3,5,7,12H,4,6H2,1-2H3",PDTCYIZPTRRYOT-UHFFFAOYSA-N,COC(=O)CCc1ccc(O)c(OC)c1,0,1.719229929
23373,NPC277601,"InChI=1S/C12H14O3/c1-4-5-10-6-7-11(15-9(2)13)12(8-10)14-3/h4-8H,1-3H3/b5-4-",IUSBVFZKQJGVEP-PLNGDYQASA-N,C/C=C\c1ccc(OC(C)=O)c(OC)c1,0,1.960048316
23405,NPC241308,"InChI=1S/C14H18O2/c1-2-3-4-8-11-16-14(15)12-13-9-6-5-7-10-13/h3-7,9-10H,2,8,11-12H2,1H3/b4-3-",FJKFIIYSBXHBCT-ARJAWSKDSA-N,CC/C=C\CCOC(=O)Cc1ccccc1,0,1.974317706
23447,NPC187083,"InChI=1S/C20H23NO3/c1-21(20(22)12-10-16-7-5-4-6-8-16)14-13-17-9-11-18(23-2)19(15-17)24-3/h4-12,15H,13-14H2,1-3H3/b12-10+",FXPCTDSVAYDNFM-ZRDIBKRKSA-N,COc1ccc(CCN(C)C(=O)/C=C/c2ccccc2)cc1OC,0,1.938520134
23635,NPC71579,"InChI=1S/C17H18O4/c1-19-14-8-13(9-15(11-14)20-2)5-4-12-6-7-16(18)17(10-12)21-3/h4-11,18H,1-3H3/b5-4+",QEHTYBCDRGQJGN-SNAWJCMRSA-N,COc1cc(/C=C/c2ccc(O)c(OC)c2)cc(OC)c1,0,1.972465002
23757,NPC262359,"InChI=1S/C16H14O4/c1-20-13-6-2-11(3-7-13)4-9-15(18)14-8-5-12(17)10-16(14)19/h2-10,17,19H,1H3/b9-4+",ADRQFDIWPRFKSP-RUDMXATFSA-N,COc1ccc(/C=C/C(=O)c2ccc(O)cc2O)cc1,0,1.934734477
24477,NPC328969,"InChI=1S/C8H10N2O/c1-2-7-6(8(9)11)4-3-5-10-7/h3-5H,2H2,1H3,(H2,9,11)",GOIWNSRZUNIIRY-UHFFFAOYSA-N,CCc1ncccc1C(N)=O,0,1.979140336
24621,NPC147022,"InChI=1S/C10H20O3/c1-13-10(12)8-6-4-2-3-5-7-9-11/h11H,2-9H2,1H3",RIZOOQYPYGPBOC-UHFFFAOYSA-N,COC(=O)CCCCCCCCO,0,1.750766673
24808,NPC464,"InChI=1S/C16H16O2/c1-18-16-12-15(17)11-10-14(16)9-5-8-13-6-3-2-4-7-13/h2-8,10-12,17H,9H2,1H3/b8-5+",ZAGLUIIUOWEVEN-VMPITWQZSA-N,COc1cc(O)ccc1C/C=C/c1ccccc1,0,1.970823414
24995,NPC285635,"InChI=1S/C13H10N2O/c1-16-9-6-7-12-13(8-9)15-11-5-3-2-4-10(11)14-12/h2-8H,1H3",YGSXHEXJOFMTHZ-UHFFFAOYSA-N,COc1ccc2nc3ccccc3nc2c1,0,1.656112469
25001,NPC475169,"InChI=1S/C17H20O4/c1-19-14-8-13(9-15(11-14)20-2)5-4-12-6-7-17(21-3)16(18)10-12/h6-11,18H,4-5H2,1-3H3",WOLBPQLCPNJXGD-UHFFFAOYSA-N,COc1cc(CCc2ccc(OC)c(O)c2)cc(OC)c1,0,1.878414416
25064,NPC324145,"InChI=1S/C8H15NO3/c1-2-3-4-5-7(10)9-6-8(11)12/h2-6H2,1H3,(H,9,10)(H,11,12)",UPCKIPHSXMXJOX-UHFFFAOYSA-N,CCCCCC(=O)NCC(=O)O,0,1.668076658
25340,NPC229387,"InChI=1S/C7H8O3/c1-6(8)10-5-7-3-2-4-9-7/h2-4H,5H2,1H3",CKOYRRWBOKMNRG-UHFFFAOYSA-N,CC(=O)OCc1ccco1,0,1.96278585
25473,NPC79996,"InChI=1S/C14H28O/c1-3-4-5-6-7-8-9-10-11-12-13-14(2)15/h3-13H2,1-2H3",POQLVOYRGNFGRM-UHFFFAOYSA-N,CCCCCCCCCCCCC(C)=O,0,1.719205646
25816,NPC10781,"InChI=1S/C9H11NO2/c10-8(9(11)12)6-7-4-2-1-3-5-7/h1-5,8H,6,10H2,(H,11,12)/t8-/m0/s1",COLNVLDHVKWLRT-QMMMGPOBSA-N,N[C@@H](Cc1ccccc1)C(=O)O,0,1.881883793
26116,NPC177479,"InChI=1S/C15H12O4/c1-17-9-6-7-11-10(8-9)15(16)14-12(18-2)4-3-5-13(14)19-11/h3-8H,1-2H3",BFDXHXPAVMQXHZ-UHFFFAOYSA-N,COc1ccc2oc3cccc(OC)c3c(=O)c2c1,0,1.93577202
26143,NPC88713,"InChI=1S/C16H16O2/c1-17-15-10-14(11-16(12-15)18-2)9-8-13-6-4-3-5-7-13/h3-12H,1-2H3",BIYGTLDPTJMNET-UHFFFAOYSA-N,COc1cc(C=Cc2ccccc2)cc(OC)c1,0,1.722873414
26159,NPC9796,"InChI=1S/C19H20O/c20-19(16-15-18-11-5-2-6-12-18)14-8-7-13-17-9-3-1-4-10-17/h1-7,9-13H,8,14-16H2/b13-7+",VNFWNGSEJXPCSW-NTUHNPAUSA-N,O=C(CC/C=C/c1ccccc1)CCc1ccccc1,0,1.855032093
26257,NPC37508,"InChI=1S/C12H16O3/c1-9(13)4-5-10-6-7-11(14-2)12(8-10)15-3/h6-8H,4-5H2,1-3H3",RVTJUTXCUYSHAZ-UHFFFAOYSA-N,COc1ccc(CCC(C)=O)cc1OC,0,1.6083425
26753,NPC49341,"InChI=1S/C11H16O4/c1-14-9-6-8(4-3-5-12)7-10(15-2)11(9)13/h6-7,12-13H,3-5H2,1-2H3",PHOPGVYKZWPIGA-UHFFFAOYSA-N,COc1cc(CCCO)cc(OC)c1O,0,1.896822049
26797,NPC471316,"InChI=1S/C21H25NO3/c1-25-19-12-8-9-17(15-19)16-22-21(24)14-7-3-6-13-20(23)18-10-4-2-5-11-18/h2,4-5,8-12,15H,3,6-7,13-14,16H2,1H3,(H,22,24)",ZYQRHUNKVJQGPR-UHFFFAOYSA-N,COc1cccc(CNC(=O)CCCCCC(=O)c2ccccc2)c1,0,1.726314698
26976,NPC182049,"InChI=1S/C6H12O2/c1-6(7)4-3-5-8-2/h3-5H2,1-2H3",FXTIMAJUMAQUOG-UHFFFAOYSA-N,COCCCC(C)=O,0,1.864791847
27085,NPC258773,"InChI=1S/C14H12N2O2/c1-17-13-7-11-12(8-14(13)18-2)16-10-6-4-3-5-9(10)15-11/h3-8H,1-2H3",YQIADNJBCIVZAI-UHFFFAOYSA-N,COc1cc2nc3ccccc3nc2cc1OC,0,1.75486868
27251,NPC291796,"InChI=1S/C16H14O4/c1-20-13-6-2-11(3-7-13)4-9-15(18)14-8-5-12(17)10-16(14)19/h2-10,17,19H,1H3",ADRQFDIWPRFKSP-UHFFFAOYSA-N,COc1ccc(C=CC(=O)c2ccc(O)cc2O)cc1,0,1.934734477
27299,NPC81933,"InChI=1S/C24H48O2/c1-3-5-6-7-8-9-10-11-12-13-14-15-16-17-18-19-20-21-22-23-24(25)26-4-2/h3-23H2,1-2H3",JIZCYLOUIAIZHQ-UHFFFAOYSA-N,CCCCCCCCCCCCCCCCCCCCCC(=O)OCC,1,1.780870189
27420,NPC2771,"InChI=1S/C16H12O3/c1-18-12-8-6-11(7-9-12)16-10-14(17)13-4-2-3-5-15(13)19-16/h2-10H,1H3",OMICQBVLCVRFGN-UHFFFAOYSA-N,COc1ccc(-c2cc(=O)c3ccccc3o2)cc1,0,1.715179573
27484,NPC27198,InChI=1S/C15H9ClO2/c16-11-6-7-12-13(10-4-2-1-3-5-10)9-15(17)18-14(12)8-11/h1-9H,HTGWSKSPVBICQE-UHFFFAOYSA-N,O=c1cc(-c2ccccc2)c2ccc(Cl)cc2o1,0,1.77436513
27576,NPC146703,"InChI=1S/C7H7NO/c8-7(9)6-4-2-1-3-5-6/h1-5H,(H2,8,9)",KXDAEFPNCMNJSK-UHFFFAOYSA-N,N=C(O)c1ccccc1,0,1.889081546
27802,NPC196434,"InChI=1S/C13H26O/c1-3-4-5-6-7-8-9-10-11-12-13(2)14/h3-12H2,1-2H3",CYIFVRUOHKNECG-UHFFFAOYSA-N,CCCCCCCCCCCC(C)=O,0,1.70133384
28091,NPC73416,"InChI=1S/C15H10O4/c1-19-11-7-6-10-12(15(11)18)14(17)9-5-3-2-4-8(9)13(10)16/h2-7,18H,1H3",BYQWRZGQEZAOPQ-UHFFFAOYSA-N,COc1ccc2c(c1O)C(=O)c1ccccc1C2=O,0,1.912963022
28285,NPC139519,"InChI=1S/C9H10O4/c1-13-9-4-6(8(12)5-10)2-3-7(9)11/h2-4,10-11H,5H2,1H3",QNMANLUEFQNQCX-UHFFFAOYSA-N,COc1cc(C(=O)CO)ccc1O,0,1.889133376
28402,NPC89748,"InChI=1S/C10H18O3/c1-3-4-5-6-9(11)7-8-10(12)13-2/h3-8H2,1-2H3",IOSJUDSPZQHSKG-UHFFFAOYSA-N,CCCCCC(=O)CCC(=O)OC,0,1.885477992
28516,NPC164236,"InChI=1S/C18H20O5/c1-21-14-6-4-12(5-7-14)16(20)9-8-15-17(22-2)10-13(19)11-18(15)23-3/h4-7,10-11,19H,8-9H2,1-3H3",SQOAYFPNWVZJQO-UHFFFAOYSA-N,COc1ccc(C(=O)CCc2c(OC)cc(O)cc2OC)cc1,0,1.999039052
28958,NPC317167,"InChI=1S/C6H10O3/c1-5(7)3-2-4-6(8)9/h2-4H2,1H3,(H,8,9)",MGTZCLMLSSAXLD-UHFFFAOYSA-N,CC(=O)CCCC(=O)O,0,1.8283959
29761,NPC139891,InChI=1S/C9H6O2/c10-9-6-5-7-3-1-2-4-8(7)11-9/h1-6H,ZYGHJZDHTFUPRJ-UHFFFAOYSA-N,O=c1ccc2ccccc2o1,0,1.671928221
29811,NPC43885,"InChI=1S/C25H50O2/c1-3-4-5-6-7-8-9-10-11-12-13-14-15-16-17-18-19-20-21-22-23-24-25(26)27-2/h3-24H2,1-2H3",XUDJZDNUVZHSKZ-UHFFFAOYSA-N,CCCCCCCCCCCCCCCCCCCCCCCC(=O)OC,1,1.759710948
30158,NPC240441,"InChI=1S/C17H16O4/c1-20-13-6-3-12(4-7-13)5-10-16(18)15-9-8-14(21-2)11-17(15)19/h3-11,19H,1-2H3",OAAPAFSEMHJNTF-UHFFFAOYSA-N,COc1ccc(C=CC(=O)c2ccc(OC)cc2O)cc1,0,1.854286906
30289,NPC12438,"InChI=1S/C18H36O3/c1-21-18(20)16-14-12-10-8-6-4-2-3-5-7-9-11-13-15-17-19/h19H,2-17H2,1H3",UVIQCJHXPJPAOJ-UHFFFAOYSA-N,COC(=O)CCCCCCCCCCCCCCCCO,1,1.891042851
30645,NPC317642,"InChI=1S/C7H7N3/c8-7-9-5-3-1-2-4-6(5)10-7/h1-4H,(H3,8,9,10)",JWYUFVNJZUSCSM-UHFFFAOYSA-N,Nc1nc2ccccc2[nH]1,0,1.892856635
30703,NPC90221,"InChI=1S/C5H8O4/c1-2-9-5(8)3-4(6)7/h2-3H2,1H3,(H,6,7)",HGINADPHJQTSKN-UHFFFAOYSA-N,CCOC(=O)CC(=O)O,0,1.886561786
31358,NPC44808,"InChI=1S/C17H16O3/c1-18-13-6-7-15-11(8-13)4-5-12-9-14(19-2)10-16(20-3)17(12)15/h4-10H,1-3H3",XMQKMUPVLZWRKF-UHFFFAOYSA-N,COc1ccc2c(ccc3cc(OC)cc(OC)c32)c1,0,1.888225107
31513,NPC118511,"InChI=1S/C11H11NO/c1-8-6-7-9-4-3-5-10(13-2)11(9)12-8/h3-7H,1-2H3",OQXVXPBDSJQYRR-UHFFFAOYSA-N,COc1cccc2ccc(C)nc12,0,1.661462619
31775,NPC154275,"InChI=1S/C10H12O4/c1-12-8-5-4-7(10(11)14-3)6-9(8)13-2/h4-6H,1-3H3",BIGQPYZPEWAPBG-UHFFFAOYSA-N,COC(=O)c1ccc(OC)c(OC)c1,0,1.376260343
32132,NPC98871,"InChI=1S/C13H24O4/c1-16-12(14)10-8-6-4-3-5-7-9-11-13(15)17-2/h3-11H2,1-2H3",LADJFIHHYMBJHB-UHFFFAOYSA-N,COC(=O)CCCCCCCCCC(=O)OC,0,1.734853791
32241,NPC27392,InChI=1S/C15H8O3/c16-8-9-5-6-12-13(7-9)15(18)11-4-2-1-3-10(11)14(12)17/h1-8H,XBWFYFHSIFEXMY-UHFFFAOYSA-N,O=Cc1ccc2c(c1)C(=O)c1ccccc1C2=O,0,1.942115878
32453,NPC133298,"InChI=1S/C8H8O3/c1-5-4-6(8(10)11)2-3-7(5)9/h2-4,9H,1H3,(H,10,11)",LTFHNKUKQYVHDX-UHFFFAOYSA-N,Cc1cc(C(=O)O)ccc1O,0,1.606566915
32721,NPC318441,"InChI=1S/C13H12O3/c1-8-4-3-5-10-11(8)6-9(16-2)7-12(10)13(14)15/h3-7H,1-2H3,(H,14,15)",LBYWDHUJYQYMJV-UHFFFAOYSA-N,COc1cc(C(=O)O)c2cccc(C)c2c1,0,1.763985189
32826,NPC482511,"InChI=1S/C22H22O4/c1-23-17-12-10-16(11-13-17)20-19(24-2)14-18(15-8-6-5-7-9-15)21(25-3)22(20)26-4/h5-14H,1-4H3",WCTFDPFXPSTRGM-UHFFFAOYSA-N,COc1ccc(-c2c(OC)cc(-c3ccccc3)c(OC)c2OC)cc1,1,1.902956724
33002,NPC177648,"InChI=1S/C8H8O3/c1-11-7-5-3-2-4-6(7)8(9)10/h2-5H,1H3,(H,9,10)",ILUJQPXNXACGAN-UHFFFAOYSA-N,COc1ccccc1C(=O)O,0,1.277468029
33080,NPC218323,"InChI=1S/C19H21NO3/c1-20(14-13-16-5-10-18(23-2)11-6-16)19(22)12-7-15-3-8-17(21)9-4-15/h3-12,21H,13-14H2,1-2H3/b12-7+",FELKBIBTBNGNOU-KPKJPENVSA-N,COc1ccc(CCN(C)C(=O)/C=C/c2ccc(O)cc2)cc1,0,1.974088649
33131,NPC11824,"InChI=1S/C9H10O3/c1-12-6-9(11)7-2-4-8(10)5-3-7/h2-5,10H,6H2,1H3",HUXGFSJRCMJOAK-UHFFFAOYSA-N,COCC(=O)c1ccc(O)cc1,0,1.694121981
33244,NPC183648,"InChI=1S/C9H10O2/c1-7(10)8-3-5-9(11-2)6-4-8/h3-6H,1-2H3",NTPLXRHDUXRPNE-UHFFFAOYSA-N,COc1ccc(C(C)=O)cc1,0,1.206201875
33695,NPC290621,"InChI=1S/C9H12O/c1-3-8-4-6-9(10-2)7-5-8/h4-7H,3H2,1-2H3",HDNRAPAFJLXKBV-UHFFFAOYSA-N,CCc1ccc(OC)cc1,0,1.138435301
33866,NPC264976,"InChI=1S/C18H16O4/c19-17(20)12-8-15-6-10-16(11-7-15)22-18(21)13-9-14-4-2-1-3-5-14/h1-8,10-12H,9,13H2,(H,19,20)/b12-8+",BPVXGRWWQGNXFW-XYOKQWHBSA-N,O=C(O)/C=C/c1ccc(OC(=O)CCc2ccccc2)cc1,0,1.803868412
34113,NPC287473,"InChI=1S/C11H12O4/c1-7-3-4-9(10(13)5-7)11(14)6-15-8(2)12/h3-5,13H,6H2,1-2H3",LHLJANTYAXQUPZ-UHFFFAOYSA-N,CC(=O)OCC(=O)c1ccc(C)cc1O,0,1.891169273
34241,NPC298224,"InChI=1S/C11H14O2/c1-9(12)3-4-10-5-7-11(13-2)8-6-10/h5-8H,3-4H2,1-2H3",PCBSXBYCASFXTM-UHFFFAOYSA-N,COc1ccc(CCC(C)=O)cc1,0,1.460966673
34243,NPC223004,"InChI=1S/C7H6O4/c8-4-2-1-3-5(9)6(4)7(10)11/h1-3,8-9H,(H,10,11)",AKEUNCKRJATALU-UHFFFAOYSA-N,O=C(O)c1c(O)cccc1O,0,1.971589726
34802,NPC209785,"InChI=1S/C17H20O4/c1-19-14-6-4-5-12(9-14)7-8-13-10-15(20-2)17(18)16(11-13)21-3/h4-6,9-11,18H,7-8H2,1-3H3",PHWXLXPIQUQYHN-UHFFFAOYSA-N,COc1cccc(CCc2cc(OC)c(O)c(OC)c2)c1,0,1.810622238
34909,NPC288760,"InChI=1S/C10H10O3/c1-13-9-4-2-3-8(7-9)5-6-10(11)12/h2-7H,1H3,(H,11,12)/b6-5+",LZPNXAULYJPXEH-AATRIKPKSA-N,COc1cccc(/C=C/C(=O)O)c1,0,1.683320519
34979,NPC309717,"InChI=1S/C16H16O4/c1-20-16-10-14(18)8-4-12(16)5-9-15(19)11-2-6-13(17)7-3-11/h2-4,6-8,10,17-18H,5,9H2,1H3",LCKRZXFBCWYAKU-UHFFFAOYSA-N,COc1cc(O)ccc1CCC(=O)c1ccc(O)cc1,0,1.900507279
35046,NPC128825,"InChI=1S/C8H8O3/c1-11-8(10)6-4-2-3-5-7(6)9/h2-5,9H,1H3",OSWPMRLSEDHDFF-UHFFFAOYSA-N,COC(=O)c1ccccc1O,0,1.461704952
35097,NPC296920,"InChI=1S/C15H14O3/c1-18-15-6-4-11(5-7-15)2-3-12-8-13(16)10-14(17)9-12/h2-10,16-17H,1H3/b3-2+",IHVRWFJGOIWMGC-NSCUHMNNSA-N,COc1ccc(/C=C/c2cc(O)cc(O)c2)cc1,0,1.969726738
35212,NPC177411,InChI=1S/C21H13NO3/c23-19(14-8-2-1-3-9-14)15-10-4-5-11-16(15)20-22-18-13-7-6-12-17(18)21(24)25-20/h1-13H,DCUBTFGDURWEFR-UHFFFAOYSA-N,O=C(c1ccccc1)c1ccccc1-c1nc2ccccc2c(=O)o1,0,1.901147548
35313,NPC130398,"InChI=1S/C8H8O2/c1-10-8(9)7-5-3-2-4-6-7/h2-6H,1H3",QPJVMBTYPHYUOC-UHFFFAOYSA-N,COC(=O)c1ccccc1,0,1.091689696
35613,NPC86495,"InChI=1S/C16H18O4/c1-19-15-10-12(9-14(18)16(15)20-2)4-3-11-5-7-13(17)8-6-11/h5-10,17-18H,3-4H2,1-2H3",ITWQAPOXXSJIAS-UHFFFAOYSA-N,COc1cc(CCc2ccc(O)cc2)cc(O)c1OC,0,1.95327596
35815,NPC473653,"InChI=1S/C17H28O2/c1-2-3-4-5-6-7-8-9-10-14-19-17-13-11-12-16(18)15-17/h11-13,15,18H,2-10,14H2,1H3",NLMBOMZCRKYRNI-UHFFFAOYSA-N,CCCCCCCCCCCOc1cccc(O)c1,1,1.745029363
36052,NPC161617,"InChI=1S/C8H8O3/c1-5(9)7-3-2-6(10)4-8(7)11/h2-4,10-11H,1H3",SULYEHHGGXARJS-UHFFFAOYSA-N,CC(=O)c1ccc(O)cc1O,0,1.887586543
36469,NPC188907,"InChI=1S/C9H10O3/c1-11-8-6-4-3-5-7(8)9(10)12-2/h3-6H,1-2H3",PFYHAAAQPNMZHO-UHFFFAOYSA-N,COC(=O)c1ccccc1OC,0,1.319600303
36622,NPC50763,"InChI=1S/C10H12O4/c1-14-10-6-7(2-3-9(10)13)8(12)4-5-11/h2-3,6,11,13H,4-5H2,1H3",NXCPMSUBVRGTSE-UHFFFAOYSA-N,COc1cc(C(=O)CCO)ccc1O,0,1.908404472
36716,NPC143524,"InChI=1S/C10H10O5/c1-14-9(12)6-4-3-5-7(11)8(6)10(13)15-2/h3-5,11H,1-2H3",BQGDDMMXPRJQHZ-UHFFFAOYSA-N,COC(=O)c1cccc(O)c1C(=O)OC,0,1.892069273
36722,NPC202969,"InChI=1S/C8H11NO/c1-10-6-7-4-2-3-5-8(7)9/h2-5H,6,9H2,1H3",ZHERWZMAGGWSIX-UHFFFAOYSA-N,COCc1ccccc1N,0,1.715251235
36792,NPC155181,"InChI=1S/C11H10O4/c1-13-8-4-3-7-5-10(14-2)11(12)15-9(7)6-8/h3-6H,1-2H3",IAFJNCMUCQDWCR-UHFFFAOYSA-N,COc1ccc2cc(OC)c(=O)oc2c1,0,1.978511141
36916,NPC76608,"InChI=1S/C18H36O/c1-3-4-5-6-7-8-9-10-11-12-13-14-15-16-17-18(2)19/h3-17H2,1-2H3",PJLJQAWUAPNCJC-UHFFFAOYSA-N,CCCCCCCCCCCCCCCCC(C)=O,1,1.726764529
37141,NPC479067,"InChI=1S/C18H16O3/c1-12(2)21-14-8-9-15-17(10-14)20-11-16(18(15)19)13-6-4-3-5-7-13/h3-12H,1-2H3",SFBODOKJTYAUCM-UHFFFAOYSA-N,CC(C)Oc1ccc2c(=O)c(-c3ccccc3)coc2c1,0,1.956015928
37474,NPC22973,"InChI=1S/C12H14O6/c1-15-7-5-8(11(13)17-3)10(12(14)18-4)9(6-7)16-2/h5-6H,1-4H3",JUKQMQKLYKDEFP-UHFFFAOYSA-N,COC(=O)c1cc(OC)cc(OC)c1C(=O)OC,0,1.972029849
37579,NPC312318,"InChI=1S/C17H16O4/c1-20-14-8-9-15(17(11-14)21-2)16(19)10-5-12-3-6-13(18)7-4-12/h3-11,18H,1-2H3/b10-5+",ATHWOBRNXTYZEM-BJMVGYQFSA-N,COc1ccc(C(=O)/C=C/c2ccc(O)cc2)c(OC)c1,0,1.889833972
37651,NPC298711,"InChI=1S/C10H12O5/c1-13-7-5-4-6(10(11)12)8(14-2)9(7)15-3/h4-5H,1-3H3,(H,11,12)",HZNQSWJZTWOTKM-UHFFFAOYSA-N,COc1ccc(C(=O)O)c(OC)c1OC,0,1.730245811
37763,NPC323193,"InChI=1S/C10H12O3/c1-13-9-4-2-3-8(7-9)5-6-10(11)12/h2-4,7H,5-6H2,1H3,(H,11,12)",BJJQJLOZWBZEGA-UHFFFAOYSA-N,COc1cccc(CCC(=O)O)c1,0,1.443662827
37787,NPC228161,"InChI=1S/C11H15NO2/c1-3-4-5-9-6-7-10(12-8-9)11(13)14-2/h6-8H,3-5H2,1-2H3",QHFSYCQAXCWCQO-UHFFFAOYSA-N,CCCCc1ccc(C(=O)OC)nc1,0,1.830621414
38022,NPC165319,"InChI=1S/C9H10O3/c1-6(10)8-5-7(12-2)3-4-9(8)11/h3-5,11H,1-2H3",MLIBGOFSXXWRIY-UHFFFAOYSA-N,COc1ccc(O)c(C(C)=O)c1,0,1.669132427
38089,NPC288903,"InChI=1S/C9H10O2/c1-11-9(10)7-8-5-3-2-4-6-8/h2-6H,7H2,1H3",CRZQGDNQQAALAY-UHFFFAOYSA-N,COC(=O)Cc1ccccc1,0,1.292748227
38105,NPC122501,"InChI=1S/C15H10O3/c1-8-6-11-12(7-13(8)16)15(18)10-5-3-2-4-9(10)14(11)17/h2-7,16H,1H3",RNJHIYAJJKOFIO-UHFFFAOYSA-N,Cc1cc2c(cc1O)C(=O)c1ccccc1C2=O,0,1.980333272
38150,NPC107991,"InChI=1S/C29H58O/c1-3-4-5-6-7-8-9-10-11-12-13-14-15-16-17-18-19-20-21-22-23-24-25-26-27-28-29(2)30/h3-28H2,1-2H3",LSNQHUIPBPTUCQ-UHFFFAOYSA-N,CCCCCCCCCCCCCCCCCCCCCCCCCCCC(C)=O,1,1.702977391
38205,NPC102981,"InChI=1S/C6H12O6/c7-1-2(8)4(10)6(12)5(11)3(1)9/h1-12H/t1-,2-,3-,4-,5+,6+/m0/s1",CDAISMWEOUEBRE-LKPKBOIGSA-N,O[C@H]1[C@H](O)[C@H](O)[C@@H](O)[C@H](O)[C@H]1O,1,1.713869359
38224,NPC148940,"InChI=1S/C18H20O6/c1-20-13-10-14(21-2)17(23-4)15(16(13)22-3)18(19)24-11-12-8-6-5-7-9-12/h5-10H,11H2,1-4H3",ZWIMLBZHXQKBOF-UHFFFAOYSA-N,COc1cc(OC)c(OC)c(C(=O)OCc2ccccc2)c1OC,0,1.903224538
38245,NPC41721,"InChI=1S/C16H12O3/c1-18-13-8-5-9-14-16(13)12(17)10-15(19-14)11-6-3-2-4-7-11/h2-10H,1H3",XRQSPUXANRGDAV-UHFFFAOYSA-N,COc1cccc2oc(-c3ccccc3)cc(=O)c12,0,1.856538734
38378,NPC23296,"InChI=1S/C12H24O3/c13-11-9-7-5-3-1-2-4-6-8-10-12(14)15/h13H,1-11H2,(H,14,15)",ZDHCZVWCTKTBRY-UHFFFAOYSA-N,O=C(O)CCCCCCCCCCCO,0,1.746644108
38492,NPC26288,"InChI=1S/C17H16O4/c1-20-16-12-13(9-10-15(16)18)6-5-11-21-17(19)14-7-3-2-4-8-14/h2-10,12,18H,11H2,1H3/b6-5+",LAAPRQODJPXAHC-AATRIKPKSA-N,COc1cc(/C=C/COC(=O)c2ccccc2)ccc1O,0,1.904907467
38659,NPC314352,"InChI=1S/C19H22ClNO2/c20-17-4-2-15(3-5-17)16-8-11-21(12-9-16)10-7-14-1-6-18(22)19(23)13-14/h1-6,13,16,22-23H,7-12H2",ACQDTADHVBZARB-UHFFFAOYSA-N,Oc1ccc(CCN2CCC(c3ccc(Cl)cc3)CC2)cc1O,0,1.983571941
39121,NPC275627,"InChI=1S/C11H16O2/c1-11(2,3)9-7-8(13-4)5-6-10(9)12/h5-7,12H,1-4H3",MRBKEAMVRSLQPH-UHFFFAOYSA-N,COc1ccc(O)c(C(C)(C)C)c1,0,1.816670519
39179,NPC13933,"InChI=1S/C17H16O4/c18-15-6-1-13(2-7-15)5-10-17(20)21-12-11-14-3-8-16(19)9-4-14/h1-10,18-19H,11-12H2",ZCFLGZLKECDZFW-UHFFFAOYSA-N,O=C(C=Cc1ccc(O)cc1)OCCc1ccc(O)cc1,0,1.960132851
39232,NPC134140,"InChI=1S/C11H22O3/c1-2-14-11(13)9-7-5-3-4-6-8-10-12/h12H,2-10H2,1H3",MNWRYCGYJOYZEI-UHFFFAOYSA-N,CCOC(=O)CCCCCCCCO,0,1.74393384
39353,NPC129341,"InChI=1S/C6H12O3/c1-6(7)9-5-3-4-8-2/h3-5H2,1-2H3",CCTFMNIEFHGTDU-UHFFFAOYSA-N,COCCCOC(C)=O,0,1.829045315
39374,NPC172170,"InChI=1S/C8H9NO/c1-6(10)7-4-2-3-5-8(7)9/h2-5H,9H2,1H3",GTDQGKWDWVUKTI-UHFFFAOYSA-N,CC(=O)c1ccccc1N,0,1.646207828
39459,NPC106313,"InChI=1S/C10H14O2/c1-11-7-9-3-5-10(6-4-9)8-12-2/h3-6H,7-8H2,1-2H3",DAJPMKAQEUGECW-UHFFFAOYSA-N,COCc1ccc(COC)cc1,0,1.525110792
39466,NPC30416,"InChI=1S/C12H18O2/c1-8(2)10-7-11(13-4)9(3)6-12(10)14-5/h6-8H,1-5H3",VTRMVHBUTNPBTP-UHFFFAOYSA-N,COc1cc(C(C)C)c(OC)cc1C,0,1.787676843
39544,NPC205649,"InChI=1S/C16H16O4/c1-20-13-6-2-11(3-7-13)4-9-15(18)14-8-5-12(17)10-16(14)19/h2-3,5-8,10,17,19H,4,9H2,1H3",WHIXVXRRHPHWRQ-UHFFFAOYSA-N,COc1ccc(CCC(=O)c2ccc(O)cc2O)cc1,0,1.820565521
39638,NPC199277,"InChI=1S/C13H11NO2/c1-16-13-7-11-9(6-12(13)15)8-4-2-3-5-10(8)14-11/h2-7,14-15H,1H3",KDLDZUFUKYBJCQ-UHFFFAOYSA-N,COc1cc2[nH]c3ccccc3c2cc1O,0,1.909225733
40591,NPC189106,"InChI=1S/C16H16O4/c1-20-14-8-4-12(16(19)10-14)5-9-15(18)11-2-6-13(17)7-3-11/h2-4,6-8,10,17,19H,5,9H2,1H3",RORZHTZYZDZJKG-UHFFFAOYSA-N,COc1ccc(CCC(=O)c2ccc(O)cc2)c(O)c1,0,1.879668817
40673,NPC103916,"InChI=1S/C19H18O2/c1-12-10-15-4-7-16(20)11-18(15)19(13(12)2)14-5-8-17(21-3)9-6-14/h4-11,20H,1-3H3",BNWLWHSOEPNZKN-UHFFFAOYSA-N,COc1ccc(-c2c(C)c(C)cc3ccc(O)cc23)cc1,0,1.991253529
40825,NPC152674,"InChI=1S/C14H12O4/c1-18-11-4-2-3-9(7-11)14(17)12-6-5-10(15)8-13(12)16/h2-8,15-16H,1H3",QVTNQKRTZSIBPG-UHFFFAOYSA-N,COc1cccc(C(=O)c2ccc(O)cc2O)c1,0,1.784731426
40980,NPC248867,"InChI=1S/C8H9NO2/c10-8(11)9-6-7-4-2-1-3-5-7/h1-5,9H,6H2,(H,10,11)",RRIWSQXXBIFKQM-UHFFFAOYSA-N,O=C(O)NCc1ccccc1,0,1.378612247
41754,NPC224096,"InChI=1S/C24H48O2/c1-3-4-5-6-7-8-9-10-11-12-13-14-15-16-17-18-19-20-21-22-23-24(25)26-2/h3-23H2,1-2H3",VORKGRIRMPBCCZ-UHFFFAOYSA-N,CCCCCCCCCCCCCCCCCCCCCCC(=O)OC,1,1.756382229
41977,NPC125887,"InChI=1S/C17H14O3/c1-11-3-8-16-14(9-11)15(18)10-17(20-16)12-4-6-13(19-2)7-5-12/h3-10H,1-2H3",YTSXWTNKPYQBGN-UHFFFAOYSA-N,COc1ccc(-c2cc(=O)c3cc(C)ccc3o2)cc1,0,1.823626727
42276,NPC307732,"InChI=1S/C8H8O4/c1-12-5-2-3-6(8(10)11)7(9)4-5/h2-4,9H,1H3,(H,10,11)",MRIXVKKOHPQOFK-UHFFFAOYSA-N,COc1ccc(C(=O)O)c(O)c1,0,1.588223292
42468,NPC473411,"InChI=1S/C17H18O4/c1-19-14-8-13(9-15(11-14)20-2)5-4-12-6-7-17(21-3)16(18)10-12/h4-11,18H,1-3H3/b5-4+",UQIWTPQGJCCTPA-SNAWJCMRSA-N,COc1cc(/C=C/c2ccc(OC)c(O)c2)cc(OC)c1,0,1.998622499
42552,NPC131347,"InChI=1S/C14H19NO2/c16-13-8-10-15(11-9-13)14(17)7-6-12-4-2-1-3-5-12/h1-5,13,16H,6-11H2",JUMBEHLEQICDSF-UHFFFAOYSA-N,O=C(CCc1ccccc1)N1CCC(O)CC1,0,1.687908026
43364,NPC250476,"InChI=1S/C11H11NO2/c1-12-9-6-4-3-5-8(9)10(14-2)7-11(12)13/h3-7H,1-2H3",SPBLFONLHXBBQE-UHFFFAOYSA-N,COc1cc(=O)n(C)c2ccccc12,0,1.787041532
43527,NPC149412,"InChI=1S/C10H14O3/c1-7-5-8(11-2)6-9(12-3)10(7)13-4/h5-6H,1-4H3",HLFDEAPOXFIBPC-UHFFFAOYSA-N,COc1cc(C)c(OC)c(OC)c1,0,1.647375574
43611,NPC127886,"InChI=1S/C9H18O3/c1-12-9(11)7-5-3-2-4-6-8-10/h10H,2-8H2,1H3",ADTIBIOIERBRIB-UHFFFAOYSA-N,COC(=O)CCCCCCCO,0,1.742843659
43737,NPC90520,"InChI=1S/C15H14O3/c1-18-15-6-4-11(5-7-15)2-3-12-8-13(16)10-14(17)9-12/h2-10,16-17H,1H3/b3-2-",IHVRWFJGOIWMGC-IHWYPQMZSA-N,COc1ccc(/C=C\c2cc(O)cc(O)c2)cc1,0,1.969726738
43763,NPC281020,"InChI=1S/C9H10O4/c1-13-8-4-6(5-9(11)12)2-3-7(8)10/h2-4,10H,5H2,1H3,(H,11,12)",QRMZSPFSDQBLIX-UHFFFAOYSA-N,COc1cc(CC(=O)O)ccc1O,0,1.676314036
44039,NPC80396,"InChI=1S/C12H24O2/c1-3-5-7-9-11-14-12(13)10-8-6-4-2/h3-11H2,1-2H3",NCDCLPBOMHPFCV-UHFFFAOYSA-N,CCCCCCOC(=O)CCCCC,0,1.65801668
44258,NPC165003,"InChI=1S/C8H8O4/c1-12-6-4-2-3-5(7(6)9)8(10)11/h2-4,9H,1H3,(H,10,11)",AUZQQIPZESHNMG-UHFFFAOYSA-N,COc1cccc(C(=O)O)c1O,0,1.644057908
44312,NPC226699,"InChI=1S/C9H10O2/c1-2-9(11)7-3-5-8(10)6-4-7/h3-6,10H,2H2,1H3",RARSHUDCJQSEFJ-UHFFFAOYSA-N,CCC(=O)c1ccc(O)cc1,0,1.59584649
44419,NPC28753,"InChI=1S/C17H18O4/c1-20-13-10-15(19)17(16(11-13)21-2)14(18)9-8-12-6-4-3-5-7-12/h3-7,10-11,19H,8-9H2,1-2H3",JAJFQMZJIQDRSX-UHFFFAOYSA-N,COc1cc(O)c(C(=O)CCc2ccccc2)c(OC)c1,0,1.889963047
44608,NPC279459,"InChI=1S/C11H12O4/c1-14-9-5-3-8(4-6-11(12)13)7-10(9)15-2/h3-7H,1-2H3,(H,12,13)",HJBWJAPEBGSQPR-UHFFFAOYSA-N,COc1ccc(C=CC(=O)O)cc1OC,0,1.686975145
44796,NPC6516,"InChI=1S/C9H11NO2/c1-7(9(11)12)10-8-5-3-2-4-6-8/h2-7,10H,1H3,(H,11,12)/t7-/m0/s1",XWKAVQKJQBISOL-ZETCQYMHSA-N,C[C@H](Nc1ccccc1)C(=O)O,0,1.96281666
44958,NPC299010,"InChI=1S/C11H14O5/c1-13-8-5-7(11(12)16-4)6-9(14-2)10(8)15-3/h5-6H,1-4H3",KACHFMOHOPLTNX-UHFFFAOYSA-N,COC(=O)c1cc(OC)c(OC)c(OC)c1,0,1.621556347
44976,NPC200501,"InChI=1S/C11H14O4/c1-7(12)8-5-6-9(13-2)11(15-4)10(8)14-3/h5-6H,1-4H3",PKNAATJMQOUREZ-UHFFFAOYSA-N,COc1ccc(C(C)=O)c(OC)c1OC,0,1.786391965
45548,NPC207428,"InChI=1S/C11H10N2O/c14-11-8-4-1-2-5-9(8)12-10-6-3-7-13(10)11/h1-2,4-5H,3,6-7H2",VARHXCYGZKSOOO-UHFFFAOYSA-N,O=c1c2ccccc2nc2n1CCC2,0,1.903778897
45595,NPC4687,"InChI=1S/C15H13NO3/c1-18-10-4-5-11-12-7-9(15(17)19-2)3-6-13(12)16-14(11)8-10/h3-8,16H,1-2H3",UHYHEIKZOWURQD-UHFFFAOYSA-N,COC(=O)c1ccc2[nH]c3cc(OC)ccc3c2c1,0,1.86051561
45960,NPC11651,"InChI=1S/C3H8/c1-3-2/h3H2,1-2H3",ATUOYWHBWRKTHZ-UHFFFAOYSA-N,CCC,0,1.754957039
46235,NPC286683,"InChI=1S/C10H10O3/c1-2-8(11)7-3-4-9-10(5-7)13-6-12-9/h3-5H,2,6H2,1H3",RVBJGSPBFIUTTR-UHFFFAOYSA-N,CCC(=O)c1ccc2c(c1)OCO2,0,1.866176133
46721,NPC95309,"InChI=1S/C8H8O4/c1-12-8(11)6-3-2-5(9)4-7(6)10/h2-4,9-10H,1H3",IIFCLXHRIYTHPV-UHFFFAOYSA-N,COC(=O)c1ccc(O)cc1O,0,1.777115119
46904,NPC154642,"InChI=1S/C11H22O2/c1-3-5-7-9-11(12)13-10-8-6-4-2/h3-10H2,1-2H3",WRFZKAGPPQGDDQ-UHFFFAOYSA-N,CCCCCOC(=O)CCCCC,0,1.638335904
47203,NPC88278,"InChI=1S/C6H12O6/c7-1-2(8)4(10)6(12)5(11)3(1)9/h1-12H/t1-,2-,3-,4+,5-,6-",CDAISMWEOUEBRE-GPIVLXJGSA-N,O[C@H]1[C@H](O)[C@@H](O)[C@H](O)[C@@H](O)[C@H]1O,1,1.713869359
47254,NPC266425,"InChI=1S/C17H19NO2/c1-18(17(19)15-6-4-3-5-7-15)13-12-14-8-10-16(20-2)11-9-14/h3-11H,12-13H2,1-2H3",MKXALYIEIUEYRE-UHFFFAOYSA-N,COc1ccc(CCN(C)C(=O)c2ccccc2)cc1,0,1.543091504
47319,NPC156327,"InChI=1S/C29H58O2/c1-3-4-5-6-7-8-9-10-11-12-13-14-15-16-17-18-19-20-21-22-23-24-25-26-27-28-29(30)31-2/h3-28H2,1-2H3",ZKHOYAKAFALNQD-UHFFFAOYSA-N,CCCCCCCCCCCCCCCCCCCCCCCCCCCC(=O)OC,1,1.784728751
47322,NPC230091,"InChI=1S/C11H10O4/c1-13-8-4-5-9(14-2)11-7(8)3-6-10(12)15-11/h3-6H,1-2H3",YITSCFOPPAUZLM-UHFFFAOYSA-N,COc1ccc(OC)c2oc(=O)ccc12,0,1.968650701
47451,NPC226143,"InChI=1S/C17H20N2O/c1-18(2)15-9-5-13(6-10-15)17(20)14-7-11-16(12-8-14)19(3)4/h5-12H,1-4H3",VVBLNCFGVYUYGU-UHFFFAOYSA-N,CN(C)c1ccc(C(=O)c2ccc(N(C)C)cc2)cc1,0,1.713847291
47519,NPC278556,"InChI=1S/C17H14O4/c1-19-12-8-15(20-2)17-13(18)10-14(21-16(17)9-12)11-6-4-3-5-7-11/h3-10H,1-2H3",JRFZSUMZAUHNSL-UHFFFAOYSA-N,COc1cc(OC)c2c(=O)cc(-c3ccccc3)oc2c1,0,1.963379774
47803,NPC137783,"InChI=1S/C30H60O2/c1-3-5-7-9-11-12-13-14-15-16-17-18-19-20-21-22-23-24-26-28-30(31)32-29-27-25-10-8-6-4-2/h3-29H2,1-2H3",MWSXIWIELAIOBE-UHFFFAOYSA-N,CCCCCCCCCCCCCCCCCCCCCC(=O)OCCCCCCCC,1,1.877519875
47865,NPC129039,"InChI=1S/C9H9NO4/c1-14-9(11)6-7-4-2-3-5-8(7)10(12)13/h2-5H,6H2,1H3",SWMFAAPTSMVULA-UHFFFAOYSA-N,COC(=O)Cc1ccccc1[N+](=O)[O-],0,1.781249412
48212,NPC199567,"InChI=1S/C11H10O/c12-8-10-6-3-5-9-4-1-2-7-11(9)10/h1-7,12H,8H2",PBLNHHSDYFYZNC-UHFFFAOYSA-N,OCc1cccc2ccccc12,0,1.461881342
48368,NPC55956,"InChI=1S/C5H8O4/c1-8-4(6)3-5(7)9-2/h3H2,1-2H3",BEPAFCGSDWSTEL-UHFFFAOYSA-N,COC(=O)CC(=O)OC,0,1.966436034
48670,NPC52607,"InChI=1S/C24H48O2/c1-2-3-4-5-6-7-8-9-10-11-12-13-14-15-16-17-18-19-20-21-22-23-24(25)26/h2-23H2,1H3,(H,25,26)/i24+1",QZZGJDVWLFXDLK-MCHSYIMZSA-N,CCCCCCCCCCCCCCCCCCCCCCC[13C](=O)O,1,1.667364026
48738,NPC267790,"InChI=1S/C11H12O5/c1-7(12)16-9-5-4-8(11(13)15-3)6-10(9)14-2/h4-6H,1-3H3",BHQRCCUOSHDJQC-UHFFFAOYSA-N,COC(=O)c1ccc(OC(C)=O)c(OC)c1,0,1.630714128
48840,NPC125417,"InChI=1S/C9H10O5/c1-13-7-4-5(9(11)12)3-6(10)8(7)14-2/h3-4,10H,1-2H3,(H,11,12)",WFIBQVFJXGQICQ-UHFFFAOYSA-N,COc1cc(C(=O)O)cc(O)c1OC,0,1.882414473
48864,NPC88574,"InChI=1S/C9H8O2/c1-10-8-2-3-9-7(6-8)4-5-11-9/h2-6H,1H3",JJXPTUWJVQUHKN-UHFFFAOYSA-N,COc1ccc2occc2c1,0,1.841301298
49125,NPC247123,"InChI=1S/C34H70O/c1-2-3-4-5-6-7-8-9-10-11-12-13-14-15-16-17-18-19-20-21-22-23-24-25-26-27-28-29-30-31-32-33-34-35/h35H,2-34H2,1H3",OULAJFUGPPVRBK-UHFFFAOYSA-N,CCCCCCCCCCCCCCCCCCCCCCCCCCCCCCCCCCO,1,1.542805625
49317,NPC293628,"InChI=1S/C9H11NO2/c10-8(9(11)12)6-7-4-2-1-3-5-7/h1-5,8H,6,10H2,(H,11,12)",COLNVLDHVKWLRT-UHFFFAOYSA-N,NC(Cc1ccccc1)C(=O)O,0,1.881883793
49444,NPC205502,"InChI=1S/C11H14O4/c1-14-9-5-3-8(4-6-11(12)13)7-10(9)15-2/h3,5,7H,4,6H2,1-2H3,(H,12,13)",LHHKQWQTBCTDQM-UHFFFAOYSA-N,COc1ccc(CCC(=O)O)cc1OC,0,1.505212293
49445,NPC251090,"InChI=1S/C11H13NO2/c1-14-9-2-3-11-10(6-9)8(4-5-13)7-12-11/h2-3,6-7,12-13H,4-5H2,1H3",QLWKTGDEPLRFAT-UHFFFAOYSA-N,COc1ccc2[nH]cc(CCO)c2c1,0,1.923802124
49466,NPC253905,"InChI=1S/C20H40O2/c1-3-4-5-6-7-8-9-10-11-12-13-14-15-16-17-18-19-22-20(2)21/h3-19H2,1-2H3",OIZXRZCQJDXPFO-UHFFFAOYSA-N,CCCCCCCCCCCCCCCCCCOC(C)=O,1,1.804539387
49475,NPC167934,"InChI=1S/C13H12O2/c1-15-13-8-11(7-12(14)9-13)10-5-3-2-4-6-10/h2-9,14H,1H3",MFGGGJCBWVBPEO-UHFFFAOYSA-N,COc1cc(O)cc(-c2ccccc2)c1,0,1.56771845
49548,NPC182496,"InChI=1S/C9H10O4/c1-5-3-6(13-2)4-7(10)8(5)9(11)12/h3-4,10H,1-2H3,(H,11,12)",QUCZMUVAQHIOID-UHFFFAOYSA-N,COc1cc(C)c(C(=O)O)c(O)c1,0,1.95105966
49750,NPC41717,"InChI=1S/C10H13NO2/c1-2-3-4-8-5-6-9(10(12)13)11-7-8/h5-7H,2-4H2,1H3,(H,12,13)",DGMPVYSXXIOGJY-UHFFFAOYSA-N,CCCCc1ccc(C(=O)O)nc1,0,1.827785904
50033,NPC38876,"InChI=1S/C32H64O2/c1-3-5-7-9-11-13-15-17-19-21-23-25-27-29-31-34-32(33)30-28-26-24-22-20-18-16-14-12-10-8-6-4-2/h3-31H2,1-2H3",PXDJXZJSCPSGGI-UHFFFAOYSA-N,CCCCCCCCCCCCCCCCOC(=O)CCCCCCCCCCCCCCC,1,1.896808442
50264,NPC39500,"InChI=1S/C15H13NO3/c1-18-13-8-9(15(17)19-2)7-11-10-5-3-4-6-12(10)16-14(11)13/h3-8,16H,1-2H3",GIKICDROPGNERQ-UHFFFAOYSA-N,COC(=O)c1cc(OC)c2[nH]c3ccccc3c2c1,0,1.9429592
50378,NPC288838,"InChI=1S/C17H14N2/c1-3-7-16-14(5-1)12(10-18-16)9-13-11-19-17-8-4-2-6-15(13)17/h1-8,10-11,18-19H,9H2",VFTRKSBEFQDZKX-UHFFFAOYSA-N,c1ccc2c(Cc3c[nH]c4ccccc34)c[nH]c2c1,0,1.904966352
50744,NPC487302,"InChI=1S/C11H14O4/c1-7(12)8-5-10(14-3)11(15-4)6-9(8)13-2/h5-6H,1-4H3",GUTMBHHLVSFJIP-UHFFFAOYSA-N,COc1cc(OC)c(C(C)=O)cc1OC,0,1.651450811
50755,NPC39679,"InChI=1S/C14H11NO3/c1-18-14(17)8-2-5-12-11(6-8)10-4-3-9(16)7-13(10)15-12/h2-7,15-16H,1H3",DLSYIZRGLJIEKT-UHFFFAOYSA-N,COC(=O)c1ccc2[nH]c3cc(O)ccc3c2c1,0,1.995276964
50794,NPC471317,"InChI=1S/C25H41NO2/c1-2-3-4-5-6-7-8-9-10-11-15-19-24(27)20-16-21-25(28)26-22-23-17-13-12-14-18-23/h12-14,17-18H,2-11,15-16,19-22H2,1H3,(H,26,28)",MNAGXGIWSMFPEB-UHFFFAOYSA-N,CCCCCCCCCCCCCC(=O)CCCC(=O)NCc1ccccc1,1,1.972693015
50860,NPC317849,"InChI=1S/C26H51NO3/c1-2-3-4-5-6-7-8-9-10-11-12-13-14-15-16-17-18-19-20-21-22-23-25(28)27-24-26(29)30/h2-24H2,1H3,(H,27,28)(H,29,30)",ALGJSAHUUYIAIZ-UHFFFAOYSA-N,CCCCCCCCCCCCCCCCCCCCCCCC(=O)NCC(=O)O,1,1.967814386
50886,NPC262792,"InChI=1S/C27H54O/c1-3-4-5-6-7-8-9-10-11-12-13-14-15-16-17-18-19-20-21-22-23-24-25-26-27(2)28/h3-26H2,1-2H3",MJEFMWGOVVCQIK-UHFFFAOYSA-N,CCCCCCCCCCCCCCCCCCCCCCCCCC(C)=O,1,1.693261524
51045,NPC137987,"InChI=1S/C6H12O6/c7-1-2(8)4(10)6(12)5(11)3(1)9/h1-12H/t1-,2-,3-,4-,5+,6+/m1/s1",CDAISMWEOUEBRE-SHFUYGGZSA-N,O[C@H]1[C@H](O)[C@@H](O)[C@H](O)[C@H](O)[C@H]1O,1,1.713869359
51193,NPC13919,"InChI=1S/C11H12O3/c1-2-14-10-6-3-9(4-7-10)5-8-11(12)13/h3-8H,2H2,1H3,(H,12,13)/b8-5+",DZLOUWYGNATKKZ-VMPITWQZSA-N,CCOc1ccc(/C=C/C(=O)O)cc1,0,1.647007213
51273,NPC331425,"InChI=1S/C12H15ClO3/c1-4-15-11(14)12(2,3)16-10-7-5-9(13)6-8-10/h5-8H,4H2,1-3H3",KNHUKKLJHYUCFP-UHFFFAOYSA-N,CCOC(=O)C(C)(C)Oc1ccc(Cl)cc1,0,1.826981749
51308,NPC223374,"InChI=1S/C11H22O2/c1-3-4-5-6-7-8-9-10-13-11(2)12/h3-10H2,1-2H3",GJQIMXVRFNLMTB-UHFFFAOYSA-N,CCCCCCCCCOC(C)=O,0,1.674274365
51550,NPC230951,"InChI=1S/C10H10O4/c1-7(11)14-9-6-4-3-5-8(9)10(12)13-2/h3-6H,1-2H3",ONWPLBKWMAUFGZ-UHFFFAOYSA-N,COC(=O)c1ccccc1OC(C)=O,0,1.600870464
51746,NPC328451,"InChI=1S/C6H6O3/c1-4-2-3-5(9-4)6(7)8/h2-3H,1H3,(H,7,8)",OVOCLWJUABOAPL-UHFFFAOYSA-N,Cc1ccc(C(=O)O)o1,0,1.917291469
52035,NPC124969,"InChI=1S/C10H12O/c1-8(2)9-6-4-5-7-10(9)11-3/h4-7H,1H2,2-3H3",MERMDWYLTGRJPN-UHFFFAOYSA-N,C=C(C)c1ccccc1OC,0,1.730837259
52270,NPC297658,"InChI=1S/C14H14O3/c1-17-14-9-11(4-7-13(14)16)8-10-2-5-12(15)6-3-10/h2-7,9,15-16H,8H2,1H3",IKQDPTYDZBPPPL-UHFFFAOYSA-N,COc1cc(Cc2ccc(O)cc2)ccc1O,0,1.702627159
52579,NPC474340,"InChI=1S/C18H16O4/c1-11-8-17-14(9-16(11)21-3)18(19)15(10-22-17)12-4-6-13(20-2)7-5-12/h4-10H,1-3H3",JMBQERKOHQZKCY-UHFFFAOYSA-N,COc1ccc(-c2coc3cc(C)c(OC)cc3c2=O)cc1,0,1.983193829
52710,NPC172997,"InChI=1S/C16H12O4/c1-19-15-7-12-11(10-5-3-2-4-6-10)8-16(18)20-14(12)9-13(15)17/h2-9,17H,1H3",JHRWCFFXJIFILI-UHFFFAOYSA-N,COc1cc2c(-c3ccccc3)cc(=O)oc2cc1O,0,1.935880168
52900,NPC128633,"InChI=1S/C10H8O3/c1-12-8-3-2-4-9-7(8)5-6-10(11)13-9/h2-6H,1H3",XYFXTIBDEAZMAH-UHFFFAOYSA-N,COc1cccc2oc(=O)ccc12,0,1.809724989
53085,NPC222258,"InChI=1S/C16H14O3/c1-12-7-9-13(10-8-12)15(17)11-19-16(18)14-5-3-2-4-6-14/h2-10H,11H2,1H3",MOQJUCOQKPYFJZ-UHFFFAOYSA-N,Cc1ccc(C(=O)COC(=O)c2ccccc2)cc1,0,1.420923302
53166,NPC221049,"InChI=1S/C9H12O3/c1-12-9-6-7(4-5-10)2-3-8(9)11/h2-3,6,10-11H,4-5H2,1H3",XHUBSJRBOQIZNI-UHFFFAOYSA-N,COc1cc(CCO)ccc1O,0,1.752229673
53373,NPC229353,"InChI=1S/C7H7NO2/c8-6-3-1-2-5(4-6)7(9)10/h1-4H,8H2,(H,9,10)",XFDUHJPVQKIXHO-UHFFFAOYSA-N,Nc1cccc(C(=O)O)c1,0,1.551084751
53938,NPC158218,"InChI=1S/C30H60O2/c1-3-5-7-9-11-13-15-17-18-20-22-24-26-28-30(31)32-29-27-25-23-21-19-16-14-12-10-8-6-4-2/h3-29H2,1-2H3",UULYVBBLIYLRCU-UHFFFAOYSA-N,CCCCCCCCCCCCCCCC(=O)OCCCCCCCCCCCCCC,1,1.877519875
54668,NPC194198,"InChI=1S/C8H10O3/c1-11-8-4-6(5-9)2-3-7(8)10/h2-4,9-10H,5H2,1H3",ZENOXNGFMSCLLL-UHFFFAOYSA-N,COc1cc(CO)ccc1O,0,1.679555721
54746,NPC310373,"InChI=1S/C12H14O5/c1-15-9-6-8(4-5-11(13)14)7-10(16-2)12(9)17-3/h4-7H,1-3H3,(H,13,14)/b5-4+",YTFVRYKNXDADBI-SNAWJCMRSA-N,COc1cc(/C=C/C(=O)O)cc(OC)c1OC,0,1.865547853
55033,NPC255478,"InChI=1S/C17H18O5/c1-21-13-7-4-11(5-8-13)3-6-12-9-14(22-2)10-15(18)16(12)17(19)20/h4-5,7-10,18H,3,6H2,1-2H3,(H,19,20)",QTSHPXKETKYZMV-UHFFFAOYSA-N,COc1ccc(CCc2cc(OC)cc(O)c2C(=O)O)cc1,0,1.974069133
55165,NPC307039,"InChI=1S/C8H8O3/c1-6(9)11-8-4-2-7(10)3-5-8/h2-5,10H,1H3",HBMCQTHGYMTCOF-UHFFFAOYSA-N,CC(=O)Oc1ccc(O)cc1,0,1.581764952
55253,NPC314417,"InChI=1S/C3H8O/c1-3-4-2/h3H2,1-2H3",XOBKSJJDNFUZPF-UHFFFAOYSA-N,CCOC,0,1.945707662
55264,NPC168435,"InChI=1S/C13H26O2/c1-3-4-5-6-7-8-9-10-11-12-15-13(2)14/h3-12H2,1-2H3",CKQGCFFDQIFZFA-UHFFFAOYSA-N,CCCCCCCCCCCOC(C)=O,0,1.709786965
55713,NPC67043,"InChI=1S/C10H13NO2/c1-11-9(10(12)13)7-8-5-3-2-4-6-8/h2-6,9,11H,7H2,1H3,(H,12,13)/t9-/m0/s1",SCIFESDRCALIIM-VIFPVBQESA-N,CN[C@@H](Cc1ccccc1)C(=O)O,0,1.994885129
55821,NPC484011,"InChI=1S/C22H16N2/c1-2-8-16(9-3-1)15-24-20-13-7-5-11-18(20)22-21(24)14-17-10-4-6-12-19(17)23-22/h1-14H,15H2",YELAFIFOXLGJKW-UHFFFAOYSA-N,c1ccc(Cn2c3ccccc3c3nc4ccccc4cc32)cc1,1,1.872532804
55842,NPC14063,"InChI=1S/C16H16O4/c1-20-15-10-12(17)9-14(19)16(15)13(18)8-7-11-5-3-2-4-6-11/h2-6,9-10,17,19H,7-8H2,1H3",FYPYWIYWMVCNCS-UHFFFAOYSA-N,COc1cc(O)cc(O)c1C(=O)CCc1ccccc1,0,1.974932828
55931,NPC93391,"InChI=1S/C15H14O4/c1-18-14-11(8-9-12(16)15(14)19-2)13(17)10-6-4-3-5-7-10/h3-9,16H,1-2H3",MCDWVKGOMYTRRH-UHFFFAOYSA-N,COc1c(O)ccc(C(=O)c2ccccc2)c1OC,0,1.861585954
55941,NPC292998,"InChI=1S/C17H14O3/c1-11-16(12-6-4-3-5-7-12)17(18)14-9-8-13(19-2)10-15(14)20-11/h3-10H,1-2H3",XRGWZIGGCNSFRY-UHFFFAOYSA-N,COc1ccc2c(=O)c(-c3ccccc3)c(C)oc2c1,0,1.834686646
55970,NPC177925,"InChI=1S/C15H10O3/c1-18-9-6-7-12-13(8-9)15(17)11-5-3-2-4-10(11)14(12)16/h2-8H,1H3",APLQXUAECQNQFE-UHFFFAOYSA-N,COc1ccc2c(c1)C(=O)c1ccccc1C2=O,0,1.690110449
56110,NPC176930,"InChI=1S/C18H18O4/c1-20-14-7-4-13(5-8-14)6-11-17(19)16-10-9-15(21-2)12-18(16)22-3/h4-12H,1-3H3/b11-6+",HVAKUYCEWDPRCA-IZZDOVSWSA-N,COc1ccc(/C=C/C(=O)c2ccc(OC)cc2OC)cc1,0,1.794772241
56160,NPC216159,"InChI=1S/C9H10N2/c1-2-9-10-7-5-3-4-6-8(7)11-9/h3-6H,2H2,1H3,(H,10,11)",QHCCOYAKYCWDOJ-UHFFFAOYSA-N,CCc1nc2ccccc2[nH]1,0,1.808810432
56182,NPC250266,"InChI=1S/C16H12O4/c1-19-12-6-7-13-14(18)9-15(20-16(13)8-12)10-2-4-11(17)5-3-10/h2-9,17H,1H3",DZUKXCCSULKRJA-UHFFFAOYSA-N,COc1ccc2c(=O)cc(-c3ccc(O)cc3)oc2c1,0,1.927890694
56304,NPC91492,"InChI=1S/C16H12O4/c1-19-15-9-14-12(7-13(15)17)11(8-16(18)20-14)10-5-3-2-4-6-10/h2-9,17H,1H3",AZELSOYQOIUPBZ-UHFFFAOYSA-N,COc1cc2oc(=O)cc(-c3ccccc3)c2cc1O,0,1.948878548
56615,NPC485643,"InChI=1S/C16H16O3/c1-19-13-8-9-14(16(18)11-13)15(17)10-7-12-5-3-2-4-6-12/h2-6,8-9,11,18H,7,10H2,1H3",FQCZZYGBJVMLOG-UHFFFAOYSA-N,COc1ccc(C(=O)CCc2ccccc2)c(O)c1,0,1.668536123
56624,NPC299571,"InChI=1S/C8H10O/c1-2-9-8-6-4-3-5-7-8/h3-7H,2H2,1H3",DLRJIFUOBPOJNS-UHFFFAOYSA-N,CCOc1ccccc1,0,1.041975345
56691,NPC172984,"InChI=1S/C9H12O/c1-2-8-5-3-4-6-9(8)7-10/h3-6,10H,2,7H2,1H3",SBUIQTMDIOLKAL-UHFFFAOYSA-N,CCc1ccccc1CO,0,1.608289696
56748,NPC276051,"InChI=1S/C8H10O2/c1-6-3-4-8(10-2)7(9)5-6/h3-5,9H,1-2H3",IFNDEOYXGHGERA-UHFFFAOYSA-N,COc1ccc(C)cc1O,0,1.495053982
56993,NPC85493,"InChI=1S/C9H8O4/c1-13-9(12)7-5-3-2-4-6(7)8(10)11/h2-5H,1H3,(H,10,11)",FNJSWIPFHMKRAT-UHFFFAOYSA-N,COC(=O)c1ccccc1C(=O)O,0,1.443908321
57093,NPC294941,"InChI=1S/C11H12O4/c1-14-9-5-3-8(4-6-11(12)13)7-10(9)15-2/h3-7H,1-2H3,(H,12,13)/b6-4+",HJBWJAPEBGSQPR-GQCTYLIASA-N,COc1ccc(/C=C/C(=O)O)cc1OC,0,1.686975145
57414,NPC129443,"InChI=1S/C18H16O3/c1-20-14-9-10-16-17(19)11-15(21-18(16)12-14)8-7-13-5-3-2-4-6-13/h2-6,9-12H,7-8H2,1H3",BWXDUMOSQSGFDH-UHFFFAOYSA-N,COc1ccc2c(=O)cc(CCc3ccccc3)oc2c1,0,1.914011842
57444,NPC286336,"InChI=1S/C16H16O4/c1-20-13-7-8-14(16(19)10-13)15(18)9-4-11-2-5-12(17)6-3-11/h2-3,5-8,10,17,19H,4,9H2,1H3",MEZSKKITJGNMJJ-UHFFFAOYSA-N,COc1ccc(C(=O)CCc2ccc(O)cc2)c(O)c1,0,1.846843543
57639,NPC232654,"InChI=1S/C9H12O4/c1-11-7-4-6(10)5-8(12-2)9(7)13-3/h4-5,10H,1-3H3",VTCDZPUMZAZMSB-UHFFFAOYSA-N,COc1cc(O)cc(OC)c1OC,0,1.732410739
57873,NPC74188,"InChI=1S/C14H13NO2/c1-10-4-2-3-5-13(10)14(17)15-11-6-8-12(16)9-7-11/h2-9,16H,1H3,(H,15,17)",OGBLLVHAQZADRR-UHFFFAOYSA-N,Cc1ccccc1C(=O)Nc1ccc(O)cc1,0,1.408947351
57954,NPC473027,"InChI=1S/C10H21NO/c1-4-5-6-7-10(12)11-8-9(2)3/h9H,4-8H2,1-3H3,(H,11,12)",GALBASZQDFWTEP-UHFFFAOYSA-N,CCCCCC(=O)NCC(C)C,0,1.631418965
57968,NPC190567,"InChI=1S/C10H12O/c1-8(2)10(11)9-6-4-3-5-7-9/h3-8H,1-2H3",BSMGLVDZZMBWQB-UHFFFAOYSA-N,CC(C)C(=O)c1ccccc1,0,1.445924952
58242,NPC30195,"InChI=1S/C16H32O3/c1-19-16(18)14-12-10-8-6-4-2-3-5-7-9-11-13-15-17/h17H,2-15H2,1H3",WQCYAHKAJFZVCO-UHFFFAOYSA-N,COC(=O)CCCCCCCCCCCCCCO,0,1.847436123
58563,NPC272471,"InChI=1S/C10H10O4/c1-14-9-6-7(2-4-8(9)11)3-5-10(12)13/h2-6,11H,1H3,(H,12,13)",KSEBMYQBYZTDHS-UHFFFAOYSA-N,COc1cc(C=CC(=O)O)ccc1O,0,1.869063177
58570,NPC114924,"InChI=1S/C23H46O2/c1-3-4-5-6-7-8-9-10-11-12-13-14-15-16-17-18-19-20-21-22-23(24)25-2/h3-22H2,1-2H3",QSQLTHHMFHEFIY-UHFFFAOYSA-N,CCCCCCCCCCCCCCCCCCCCCC(=O)OC,1,1.754388393
58806,NPC147622,"InChI=1S/C14H14O3/c15-9-11-3-7-14(8-4-11)17-10-12-1-5-13(16)6-2-12/h1-8,15-16H,9-10H2",HCAYDPXMXLXVCV-UHFFFAOYSA-N,OCc1ccc(OCc2ccc(O)cc2)cc1,0,1.541167053
58826,NPC178032,"InChI=1S/C16H18O4/c17-9-7-12-1-4-14(5-2-12)20-16-11-13(8-10-18)3-6-15(16)19/h1-6,11,17-19H,7-10H2",IXZOLWJHHYRLMN-UHFFFAOYSA-N,OCCc1ccc(Oc2cc(CCO)ccc2O)cc1,0,1.969905269
59067,NPC182164,"InChI=1S/C15H24/c1-4-7-13-10-11-14(8-5-2)15(12-13)9-6-3/h10-12H,4-9H2,1-3H3",NQLVMGZUKRNRQB-UHFFFAOYSA-N,CCCc1ccc(CCC)c(CCC)c1,0,1.904948503
59627,NPC319118,"InChI=1S/C4H8N2O3/c5-4(9)6-2-1-3(7)8/h1-2H2,(H,7,8)(H3,5,6,9)",JSJWCHRYRHKBBW-UHFFFAOYSA-N,NC(=O)NCCC(=O)O,0,1.905007271
60209,NPC193238,"InChI=1S/C11H9NO3/c1-15-7-2-3-10-9(6-7)8(11(13)14)4-5-12-10/h2-6H,1H3,(H,13,14)",XXLFLUJXWKXUGS-UHFFFAOYSA-N,COc1ccc2nccc(C(=O)O)c2c1,0,1.746472679
60210,NPC308694,"InChI=1S/C10H13NO3/c1-11-9-7(10(12)14-3)5-4-6-8(9)13-2/h4-6,11H,1-3H3",ZRWJIZYZTLTXJI-UHFFFAOYSA-N,CNc1c(OC)cccc1C(=O)OC,0,1.95884091
60848,NPC471310,"InChI=1S/C23H38ClNO/c1-2-3-4-5-6-7-8-9-10-11-12-13-14-15-23(26)25-20-21-16-18-22(24)19-17-21/h16-19H,2-15,20H2,1H3,(H,25,26)",MJCZNJOEMYOWQI-UHFFFAOYSA-N,CCCCCCCCCCCCCCCC(=O)NCc1ccc(Cl)cc1,1,1.814155028
60899,NPC175955,"InChI=1S/C9H10O3/c1-12-9(11)6-7-2-4-8(10)5-3-7/h2-5,10H,6H2,1H3",XGDZEDRBLVIUMX-UHFFFAOYSA-N,COC(=O)Cc1ccc(O)cc1,0,1.582530373
60972,NPC203925,"InChI=1S/C10H10O4/c1-13-9(11)7-3-5-8(6-4-7)10(12)14-2/h3-6H,1-2H3",WOZVHXUHUFLZGK-UHFFFAOYSA-N,COC(=O)c1ccc(C(=O)OC)cc1,0,1.340078157
61015,NPC307783,"InChI=1S/C28H56O2/c1-2-3-4-5-6-7-8-9-10-11-12-13-14-15-16-17-18-19-20-21-22-23-24-25-26-27-28(29)30/h2-27H2,1H3,(H,29,30)",UTOPWMOLSKOLTQ-UHFFFAOYSA-N,CCCCCCCCCCCCCCCCCCCCCCCCCCCC(=O)O,1,1.690062129
61131,NPC474409,"InChI=1S/C12H9NO/c14-11-7-3-6-10-12(11)8-4-1-2-5-9(8)13-10/h1-7,13-14H",UEOHATPGKDSULR-UHFFFAOYSA-N,Oc1cccc2[nH]c3ccccc3c12,0,1.880814544
61171,NPC11276,"InChI=1S/C6H12O2/c1-4-6(7)8-5(2)3/h5H,4H2,1-3H3",IJMWOMHMDSDKGK-UHFFFAOYSA-N,CCC(=O)OC(C)C,0,1.954095253
61289,NPC150809,"InChI=1S/C12H16O4/c1-8(13)5-9-6-11(15-3)12(16-4)7-10(9)14-2/h6-7H,5H2,1-4H3",AQZHZTTUVYQMIN-UHFFFAOYSA-N,COc1cc(OC)c(OC)cc1CC(C)=O,0,1.839594629
61434,NPC256180,"InChI=1S/C24H48O2/c1-3-5-7-9-10-11-12-13-14-15-16-17-19-21-23-26-24(25)22-20-18-8-6-4-2/h3-23H2,1-2H3",DWMMZQMXUWUJME-UHFFFAOYSA-N,CCCCCCCCCCCCCCCCOC(=O)CCCCCCC,1,1.844649277
61488,NPC225245,"InChI=1S/C11H14O3/c1-4-9(12)8-5-6-10(13-2)11(7-8)14-3/h5-7H,4H2,1-3H3",SBMSBQOMJGZBRY-UHFFFAOYSA-N,CCC(=O)c1ccc(OC)c(OC)c1,0,1.545143339
61565,NPC197425,"InChI=1S/C15H10O3/c16-11-7-4-8-13-15(11)12(17)9-14(18-13)10-5-2-1-3-6-10/h1-9,16H",IYBLVRRCNVHZQJ-UHFFFAOYSA-N,O=c1cc(-c2ccccc2)oc2cccc(O)c12,0,1.931391166
61706,NPC2596,"InChI=1S/C16H16O4/c1-19-15-8-4-13(5-9-15)16(18)20-11-10-12-2-6-14(17)7-3-12/h2-9,17H,10-11H2,1H3",DSMAYKYXHOGICG-UHFFFAOYSA-N,COc1ccc(C(=O)OCCc2ccc(O)cc2)cc1,0,1.602304459
61751,NPC50498,"InChI=1S/C8H10O4/c1-11-7-3-6(10)8(12-2)4-5(7)9/h3-4,9-10H,1-2H3",GLJCPHKWYYCHCQ-UHFFFAOYSA-N,COc1cc(O)c(OC)cc1O,0,1.8549781
62251,NPC224853,"InChI=1S/C12H14O3/c1-4-5-10-6-7-11(15-9(2)13)12(8-10)14-3/h4-8H,1-3H3",IUSBVFZKQJGVEP-UHFFFAOYSA-N,CC=Cc1ccc(OC(C)=O)c(OC)c1,0,1.960048316
62293,NPC93653,"InChI=1S/C17H15NO2/c1-18-15-9-8-13(20-2)10-14(15)17(19)11-16(18)12-6-4-3-5-7-12/h3-11H,1-2H3",GFUAPSNFZWUMBP-UHFFFAOYSA-N,COc1ccc2c(c1)c(=O)cc(-c1ccccc1)n2C,0,1.916891504
62369,NPC150323,"InChI=1S/C7H7NO2/c8-6-3-1-5(2-4-6)7(9)10/h1-4H,8H2,(H,9,10)",ALYNCZNDIQEVRV-UHFFFAOYSA-N,Nc1ccc(C(=O)O)cc1,0,1.438100136
62777,NPC20754,"InChI=1S/C13H16O4/c1-3-4-9-17-13(15)11-8-6-5-7-10(11)12(14)16-2/h5-8H,3-4,9H2,1-2H3",XXFSYINDUHLBIL-UHFFFAOYSA-N,CCCCOC(=O)c1ccccc1C(=O)OC,0,1.630709462
62933,NPC113212,InChI=1S/C6H12O6/c7-1-2(8)4(10)6(12)5(11)3(1)9/h1-12H,CDAISMWEOUEBRE-UHFFFAOYSA-N,OC1C(O)C(O)C(O)C(O)C1O,1,1.713869359
63688,NPC312872,"InChI=1S/C19H19NO2/c1-21-18-12-8-14(13-19(18)22-2)7-10-16-11-9-15-5-3-4-6-17(15)20-16/h3-6,8-9,11-13H,7,10H2,1-2H3",OXJATSFPAYFXMW-UHFFFAOYSA-N,COc1ccc(CCc2ccc3ccccc3n2)cc1OC,0,1.794665184
63709,NPC75440,"InChI=1S/C15H16O2/c1-17-15-4-2-3-13(11-15)6-5-12-7-9-14(16)10-8-12/h2-4,7-11,16H,5-6H2,1H3",QHWSNPUNTSCHIE-UHFFFAOYSA-N,COc1cccc(CCc2ccc(O)cc2)c1,0,1.530115561
64010,NPC227302,"InChI=1S/C31H62O2/c1-3-4-5-6-7-8-9-10-11-12-13-14-15-16-17-18-19-20-21-22-23-24-25-26-27-28-29-30-31(32)33-2/h3-30H2,1-2H3",BIRUBGLRQLAEFF-UHFFFAOYSA-N,CCCCCCCCCCCCCCCCCCCCCCCCCCCCCC(=O)OC,1,1.803320173
64031,NPC324971,"InChI=1S/C16H18O2/c1-2-14-15(17)10-13(11-16(14)18)9-8-12-6-4-3-5-7-12/h3-7,10-11,17-18H,2,8-9H2,1H3",CLSUJQMKFBFKGY-UHFFFAOYSA-N,CCc1c(O)cc(CCc2ccccc2)cc1O,0,1.968879679
64285,NPC55823,"InChI=1S/C4H10/c1-3-4-2/h3-4H2,1-2H3",IJDNQMDRQITEOD-UHFFFAOYSA-N,CCCC,0,1.605723046
64312,NPC86352,"InChI=1S/C16H18O3/c1-11-15(17)9-13(10-16(11)18)4-3-12-5-7-14(19-2)8-6-12/h5-10,17-18H,3-4H2,1-2H3",JQTVIILJDOVJEP-UHFFFAOYSA-N,COc1ccc(CCc2cc(O)c(C)c(O)c2)cc1,0,1.932590598
64877,NPC51088,"InChI=1S/C16H12O4/c1-19-13-7-4-11-8-14(16(18)20-15(11)9-13)10-2-5-12(17)6-3-10/h2-9,17H,1H3",GYHPJTFMAULRDT-UHFFFAOYSA-N,COc1ccc2cc(-c3ccc(O)cc3)c(=O)oc2c1,0,1.905406484
65138,NPC22903,"InChI=1S/C9H18O2/c1-3-4-5-6-7-8-9(10)11-2/h3-8H2,1-2H3",JGHZJRVDZXSNKQ-UHFFFAOYSA-N,CCCCCCCC(=O)OC,0,1.548220336
65375,NPC107101,"InChI=1S/C9H10O2/c1-7-3-5-9(6-4-7)11-8(2)10/h3-6H,1-2H3",CDJJKTLOZJAGIZ-UHFFFAOYSA-N,CC(=O)Oc1ccc(C)cc1,0,1.384701875
65393,NPC209783,"InChI=1S/C18H16O3/c1-20-14-9-6-13(7-10-14)8-11-15-12-17(19)16-4-2-3-5-18(16)21-15/h2-7,9-10,12H,8,11H2,1H3",ZQBJPQZBIGVILA-UHFFFAOYSA-N,COc1ccc(CCc2cc(=O)c3ccccc3o2)cc1,0,1.877866571
65412,NPC145134,"InChI=1S/C9H10O4/c1-12-7-3-6(9(10)11)4-8(5-7)13-2/h3-5H,1-2H3,(H,10,11)",IWPZKOJSYQZABD-UHFFFAOYSA-N,COc1cc(OC)cc(C(=O)O)c1,0,1.566047223
65468,NPC5796,"InChI=1S/C14H14O3/c1-16-12-8-11(9-13(17-2)14(12)15)10-6-4-3-5-7-10/h3-9,15H,1-2H3",KCKBEANTNJGRCV-UHFFFAOYSA-N,COc1cc(-c2ccccc2)cc(OC)c1O,0,1.578112736
65629,NPC327668,"InChI=1S/C26H52O2/c1-3-5-7-9-11-13-14-15-16-17-18-20-22-24-26(27)28-25-23-21-19-12-10-8-6-4-2/h3-25H2,1-2H3",IYDRZGXWJPJSNY-UHFFFAOYSA-N,CCCCCCCCCCCCCCCC(=O)OCCCCCCCCCC,1,1.850902189
65887,NPC261612,"InChI=1S/C32H62O3/c1-3-5-7-9-11-13-15-17-19-21-23-25-27-29-31(33)35-32(34)30-28-26-24-22-20-18-16-14-12-10-8-6-4-2/h3-30H2,1-2H3",QWZBEFCPZJWDKC-UHFFFAOYSA-N,CCCCCCCCCCCCCCCC(=O)OC(=O)CCCCCCCCCCCCCCC,1,1.911101454
66302,NPC470860,"InChI=1S/C10H10O3/c1-7(11)9-3-5-10(6-4-9)13-8(2)12/h3-6H,1-2H3",SMIOEQSLJNNKQF-UHFFFAOYSA-N,CC(=O)Oc1ccc(C(C)=O)cc1,0,1.515097332
66444,NPC311131,"InChI=1S/C10H12O3/c1-10(2,13)8-5-3-7(4-6-8)9(11)12/h3-6,13H,1-2H3,(H,11,12)",SLFZJKUFAVHARP-UHFFFAOYSA-N,CC(C)(O)c1ccc(C(=O)O)cc1,0,1.739030248
66487,NPC307113,"InChI=1S/C12H13NO2/c1-9(14)15-7-6-10-8-13-12-5-3-2-4-11(10)12/h2-5,8,13H,6-7H2,1H3",KAWBLROQFPLJEU-UHFFFAOYSA-N,CC(=O)OCCc1c[nH]c2ccccc12,0,1.869638664
66583,NPC183655,"InChI=1S/C14H12O4/c1-18-13-8-11(15)10(7-12(13)16)14(17)9-5-3-2-4-6-9/h2-8,15-16H,1H3",NFJVELXCUBWAFL-UHFFFAOYSA-N,COc1cc(O)c(C(=O)c2ccccc2)cc1O,0,1.819180657
66760,NPC211120,"InChI=1S/C19H20O5/c1-21-14-8-5-13(6-9-14)7-10-16(20)19-17(23-3)11-15(22-2)12-18(19)24-4/h5-12H,1-4H3/b10-7+",JQNMAEHFTQBROH-JXMROGBWSA-N,COc1ccc(/C=C/C(=O)c2c(OC)cc(OC)cc2OC)cc1,0,1.993561392
67103,NPC87413,"InChI=1S/C14H11NO3/c1-18-9-3-4-10-11-6-8(14(16)17)2-5-12(11)15-13(10)7-9/h2-7,15H,1H3,(H,16,17)",USLLRQCTAZQWLY-UHFFFAOYSA-N,COc1ccc2c(c1)[nH]c1ccc(C(=O)O)cc12,0,1.851154793
67344,NPC16578,"InChI=1S/C17H34O/c1-3-4-5-6-7-8-9-10-11-12-13-14-15-16-17(2)18/h3-16H2,1-2H3",TVTCXPXLRKTHAU-UHFFFAOYSA-N,CCCCCCCCCCCCCCCC(C)=O,1,1.741451456
67469,NPC301718,"InChI=1S/C22H44O2/c1-3-5-7-8-9-10-11-12-13-14-15-16-17-18-19-20-22(23)24-21-6-4-2/h3-21H2,1-2H3",ULBTUVJTXULMLP-UHFFFAOYSA-N,CCCCCCCCCCCCCCCCCC(=O)OCCCC,1,1.849937302
67544,NPC234051,"InChI=1S/C16H14O4/c1-20-13-7-8-14(16(19)10-13)15(18)9-4-11-2-5-12(17)6-3-11/h2-10,17,19H,1H3",MOESXQFGHNEYAH-UHFFFAOYSA-N,COc1ccc(C(=O)C=Cc2ccc(O)cc2)c(O)c1,0,1.961012499
67579,NPC166294,InChI=1S/C4H9NO/c1-4(6)5(2)3/h1-3H3,FXHOOIRPVKKKFG-UHFFFAOYSA-N,CC(=O)N(C)C,0,1.982013389
67699,NPC66905,"InChI=1S/C16H14O4/c1-20-16-10-11(3-9-15(16)19)2-8-14(18)12-4-6-13(17)7-5-12/h2-10,17,19H,1H3/b8-2+",CHEDQLDLYXAMNI-KRXBUXKQSA-N,COc1cc(/C=C/C(=O)c2ccc(O)cc2)ccc1O,0,1.904628982
67785,NPC165778,"InChI=1S/C8H16O2/c1-7(2)5-4-6-8(9)10-3/h7H,4-6H2,1-3H3",VMHVFMBDCWCBHO-UHFFFAOYSA-N,COC(=O)CCCC(C)C,0,1.742938597
67841,NPC76744,"InChI=1S/C16H22O4/c1-4-5-10-19-15(17)13-8-6-7-9-14(13)16(18)20-11-12(2)3/h6-9,12H,4-5,10-11H2,1-3H3",UVIVWIFUPKGWGF-UHFFFAOYSA-N,CCCCOC(=O)c1ccccc1C(=O)OCC(C)C,0,1.831329781
68094,NPC77508,"InChI=1S/C9H10O3/c10-8-3-1-2-7(6-8)4-5-9(11)12/h1-3,6,10H,4-5H2,(H,11,12)",QVWAEZJXDYOKEH-UHFFFAOYSA-N,O=C(O)CCc1cccc(O)c1,0,1.640277226
68142,NPC130341,"InChI=1S/C15H11NO2/c17-14-10-16(13-9-5-4-8-12(13)14)15(18)11-6-2-1-3-7-11/h1-10,17H",JDFIINWLCIARDQ-UHFFFAOYSA-N,O=C(c1ccccc1)n1cc(O)c2ccccc21,0,1.942015426
68248,NPC226794,"InChI=1S/C8H9NO2/c1-11-8(10)6-4-2-3-5-7(6)9/h2-5H,9H2,1H3",VAMXMNNIEUEQDV-UHFFFAOYSA-N,COC(=O)c1ccccc1N,0,1.514177259
68296,NPC472085,"InChI=1S/C12H14O4/c13-8-9-4-1-2-5-10(9)11(14)6-3-7-12(15)16/h1-2,4-5,13H,3,6-8H2,(H,15,16)",QNQLSTYQIWUBON-UHFFFAOYSA-N,O=C(O)CCCC(=O)c1ccccc1CO,0,1.914335538
68920,NPC155004,"InChI=1S/C8H9NO3/c1-12-6-4-2-3-5(7(6)9)8(10)11/h2-4H,9H2,1H3,(H,10,11)",SXOPCLUOUFQBJV-UHFFFAOYSA-N,COc1cccc(C(=O)O)c1N,0,1.737878581
69236,NPC193544,"InChI=1S/C17H20O5/c1-20-14-8-11(6-7-13(14)18)4-5-12-9-15(21-2)17(19)16(10-12)22-3/h6-10,18-19H,4-5H2,1-3H3",YTRAYUIKLRABOQ-UHFFFAOYSA-N,COc1cc(CCc2cc(OC)c(O)c(OC)c2)ccc1O,0,1.961199019
69379,NPC122493,"InChI=1S/C9H11NO2/c10-8(9(11)12)6-7-4-2-1-3-5-7/h1-5,8H,6,10H2,(H,11,12)/t8-/m1/s1",COLNVLDHVKWLRT-MRVPVSSYSA-N,N[C@H](Cc1ccccc1)C(=O)O,0,1.881883793
69382,NPC11905,"InChI=1S/C11H22O2/c1-3-5-7-8-10-13-11(12)9-6-4-2/h3-10H2,1-2H3",YERFHJZYNMRVLO-UHFFFAOYSA-N,CCCCCCOC(=O)CCCC,0,1.675282058
69557,NPC139813,"InChI=1S/C17H16O4/c1-20-13-6-3-12(4-7-13)5-10-16(18)15-9-8-14(21-2)11-17(15)19/h3-11,19H,1-2H3/b10-5+",OAAPAFSEMHJNTF-BJMVGYQFSA-N,COc1ccc(/C=C/C(=O)c2ccc(OC)cc2O)cc1,0,1.854286906
69979,NPC219536,"InChI=1S/C12H22O4/c1-15-11(13)9-7-5-3-4-6-8-10-12(14)16-2/h3-10H2,1-2H3",ALOUNLDAKADEEB-UHFFFAOYSA-N,COC(=O)CCCCCCCCC(=O)OC,0,1.757493231
70155,NPC275345,"InChI=1S/C25H34/c1-3-10-23(11-4-1)18-20-25(17-9-16-22-14-7-8-15-22)21-19-24-12-5-2-6-13-24/h1-6,10-13,22,25H,7-9,14-21H2",DKTMVKAAXZLUFB-UHFFFAOYSA-N,c1ccc(CCC(CCCC2CCCC2)CCc2ccccc2)cc1,1,1.957815544
70473,NPC238802,"InChI=1S/C28H56O2/c1-3-4-5-6-7-8-9-10-11-12-13-14-15-16-17-18-19-20-21-22-23-24-25-26-27-30-28(2)29/h3-27H2,1-2H3",TXJQEFZXBSKQGU-UHFFFAOYSA-N,CCCCCCCCCCCCCCCCCCCCCCCCCCOC(C)=O,1,1.810943547
70528,NPC252349,"InChI=1S/C17H18O4/c1-20-14-8-9-15(17(11-14)21-2)16(19)10-5-12-3-6-13(18)7-4-12/h3-4,6-9,11,18H,5,10H2,1-2H3",PGBXUNIUTBHZMK-UHFFFAOYSA-N,COc1ccc(C(=O)CCc2ccc(O)cc2)c(OC)c1,0,1.774694989
70531,NPC165386,"InChI=1S/C10H14O3/c1-7-5-8(11-2)10(13-4)9(6-7)12-3/h5-6H,1-4H3",KCIZTNZGSBSSRM-UHFFFAOYSA-N,COc1cc(C)cc(OC)c1OC,0,1.532163706
70576,NPC321995,"InChI=1S/C25H50O2/c1-3-5-7-9-11-12-13-14-15-16-17-19-21-23-25(26)27-24-22-20-18-10-8-6-4-2/h3-24H2,1-2H3",SDPZWRKQPQDSQW-UHFFFAOYSA-N,CCCCCCCCCCCCCCCC(=O)OCCCCCCCCC,1,1.847120954
70748,NPC154866,"InChI=1S/C15H16O4/c1-17-12-7-5-4-6-11(12)10-8-13(18-2)15(16)14(9-10)19-3/h4-9,16H,1-3H3",GTMXRTKUWSWHFI-UHFFFAOYSA-N,COc1ccccc1-c1cc(OC)c(O)c(OC)c1,0,1.723380438
70925,NPC303225,"InChI=1S/C10H7NO3/c12-9-5-7(10(13)14)6-3-1-2-4-8(6)11-9/h1-5H,(H,11,12)(H,13,14)",MFSHNFBQNVGXJX-UHFFFAOYSA-N,O=C(O)c1cc(O)nc2ccccc12,0,1.97828887
70930,NPC286178,"InChI=1S/C11H22O2/c1-3-5-6-7-8-9-11(12)13-10-4-2/h3-10H2,1-2H3",IDHBLVYDNJDWNO-UHFFFAOYSA-N,CCCCCCCC(=O)OCCC,0,1.681182058
71036,NPC266597,"InChI=1S/C16H12O4/c1-19-12-5-2-10(3-6-12)15-9-14(18)13-7-4-11(17)8-16(13)20-15/h2-9,17H,1H3",SQVXWIUVAILQRH-UHFFFAOYSA-N,COc1ccc(-c2cc(=O)c3ccc(O)cc3o2)cc1,0,1.92318786
71037,NPC246929,"InChI=1S/C18H36O3/c19-17-15-13-11-9-7-5-3-1-2-4-6-8-10-12-14-16-18(20)21/h19H,1-17H2,(H,20,21)",VLHZUYUOEGBBJB-UHFFFAOYSA-N,O=C(O)CCCCCCCCCCCCCCCCCO,1,1.724656556
71184,NPC166591,"InChI=1S/C10H12O3/c1-7(11)8-4-9(12-2)6-10(5-8)13-3/h4-6H,1-3H3",YJKHOUIVWKQRSL-UHFFFAOYSA-N,COc1cc(OC)cc(C(C)=O)c1,0,1.629972937
71194,NPC296031,"InChI=1S/C25H50O/c1-3-4-5-6-7-8-9-10-11-12-13-14-15-16-17-18-19-20-21-22-23-24-25(2)26/h3-24H2,1-2H3",CDTIEPBCRWXMBD-UHFFFAOYSA-N,CCCCCCCCCCCCCCCCCCCCCCCC(C)=O,1,1.688677124
71271,NPC186903,"InChI=1S/C9H12O2/c1-7-4-8(10-2)6-9(5-7)11-3/h4-6H,1-3H3",RIZBLVRXRWHLFA-UHFFFAOYSA-N,COc1cc(C)cc(OC)c1,0,1.480383413
71312,NPC67639,"InChI=1S/C16H12O5/c1-19-10-4-5-11-14(8-10)21-13-6-3-9(16(18)20-2)7-12(13)15(11)17/h3-8H,1-2H3",HLNNOSVYGGFKMC-UHFFFAOYSA-N,COC(=O)c1ccc2oc3cc(OC)ccc3c(=O)c2c1,0,1.915238145
71345,NPC44830,"InChI=1S/C18H28O2/c19-18(20)16-12-7-5-3-1-2-4-6-9-13-17-14-10-8-11-15-17/h8,10-11,14-15H,1-7,9,12-13,16H2,(H,19,20)",IXEHFJJSVBVZHI-UHFFFAOYSA-N,O=C(O)CCCCCCCCCCCc1ccccc1,1,1.601653992
71602,NPC310773,"InChI=1S/C17H16O4/c1-20-16-12-13(9-10-15(16)18)6-5-11-21-17(19)14-7-3-2-4-8-14/h2-10,12,18H,11H2,1H3/b6-5-",LAAPRQODJPXAHC-WAYWQWQTSA-N,COc1cc(/C=C\COC(=O)c2ccccc2)ccc1O,0,1.904907467
71613,NPC96211,"InChI=1S/C16H18N2O3/c19-14-6-7-15(20)18(14)13-8-10-17(11-9-13)16(21)12-4-2-1-3-5-12/h1-5,13H,6-11H2",BMBGMZGOEGQGFG-UHFFFAOYSA-N,O=C(c1ccccc1)N1CCC(N2C(=O)CCC2=O)CC1,0,1.969047467
71762,NPC483671,"InChI=1S/C18H20O4/c1-20-16-11-15(9-6-10-19)12-17(21-2)18(16)22-13-14-7-4-3-5-8-14/h3-9,11-12,19H,10,13H2,1-2H3/b9-6+",OMKDPMNXJSYYQA-RMKNXTFCSA-N,COc1cc(/C=C/CO)cc(OC)c1OCc1ccccc1,0,1.96596072
72094,NPC100842,"InChI=1S/C11H14O2/c1-10(12)13-9-5-8-11-6-3-2-4-7-11/h2-4,6-7H,5,8-9H2,1H3",JRJGKUTZNBZHNK-UHFFFAOYSA-N,CC(=O)OCCCc1ccccc1,0,1.457377796
72148,NPC130754,"InChI=1S/C10H14O3/c1-13-10-7-8(3-2-6-11)4-5-9(10)12/h4-5,7,11-12H,2-3,6H2,1H3",MWOMNLDJNQWJMK-UHFFFAOYSA-N,COc1cc(CCCO)ccc1O,0,1.749828212
72165,NPC317574,"InChI=1S/C8H14O4/c1-7(9)11-5-3-4-6-12-8(2)10/h3-6H2,1-2H3",XUKSWKGOQKREON-UHFFFAOYSA-N,CC(=O)OCCCCOC(C)=O,0,1.883769446
72314,NPC112192,"InChI=1S/C17H18O4/c1-20-15-9-5-13(17(11-15)21-2)6-10-16(19)12-3-7-14(18)8-4-12/h3-5,7-9,11,18H,6,10H2,1-2H3",RSAIVLRELNGZEY-UHFFFAOYSA-N,COc1ccc(CCC(=O)c2ccc(O)cc2)c(OC)c1,0,1.787285602
72436,NPC32047,"InChI=1S/C21H42O/c1-3-4-5-6-7-8-9-10-11-12-13-14-15-16-17-18-19-20-21(2)22/h3-20H2,1-2H3",VUVUIDMZOWHIIJ-UHFFFAOYSA-N,CCCCCCCCCCCCCCCCCCCC(C)=O,1,1.698305402
72498,NPC124799,"InChI=1S/C9H10O2/c1-6-3-4-8(9(10)11)5-7(6)2/h3-5H,1-2H3,(H,10,11)",OPVAJFQBSDUNQA-UHFFFAOYSA-N,Cc1ccc(C(=O)O)cc1C,0,1.349047551
72504,NPC31131,"InChI=1S/C17H16O4/c1-20-15-8-4-12(5-9-15)16(19)10-6-13-3-7-14(18)11-17(13)21-2/h3-11,18H,1-2H3/b10-6+",CTBBBAQHUJVKNG-UXBLZVDNSA-N,COc1ccc(C(=O)/C=C/c2ccc(O)cc2OC)cc1,0,1.893218066
72908,NPC7814,"InChI=1S/C5H8O3/c1-4(6)2-3-5(7)8/h2-3H2,1H3,(H,7,8)",JOOXCMJARBKPKM-UHFFFAOYSA-N,CC(=O)CCC(=O)O,0,1.809306023
73058,NPC221743,"InChI=1S/C11H14O2/c1-9(2)7-8-13-11-5-3-10(12)4-6-11/h3-7,12H,8H2,1-2H3",QAHFPRYLZONICJ-UHFFFAOYSA-N,CC(C)=CCOc1ccc(O)cc1,0,1.914966673
73310,NPC98543,"InChI=1S/C7H6O4/c8-5-1-4(7(10)11)2-6(9)3-5/h1-3,8-9H,(H,10,11)",UYEMGAFJOZZIFP-UHFFFAOYSA-N,O=C(O)c1cc(O)cc(O)c1,0,1.977810946
73353,NPC323019,"InChI=1S/C10H14O2/c1-10(2,11)8-4-6-9(12-3)7-5-8/h4-7,11H,1-3H3",BFXOWZOXTDBCHP-UHFFFAOYSA-N,COc1ccc(C(C)(C)O)cc1,0,1.645295408
73423,NPC89938,"InChI=1S/C12H16O3/c1-3-10(13)6-4-9-5-7-11(14)12(8-9)15-2/h5,7-8,14H,3-4,6H2,1-2H3",MDOAFJBLZREPFB-UHFFFAOYSA-N,CCC(=O)CCc1ccc(O)c(OC)c1,0,1.918030305
73425,NPC220540,"InChI=1S/C9H10O3/c1-11-8-5-3-7(4-6-8)9(10)12-2/h3-6H,1-2H3",DDIZAANNODHTRB-UHFFFAOYSA-N,COC(=O)c1ccc(OC)cc1,0,1.20065345
73573,NPC19256,InChI=1S/C14H8O2/c15-13-9-5-1-2-6-10(9)14(16)12-8-4-3-7-11(12)13/h1-8H,RZVHIXYEVGDQDX-UHFFFAOYSA-N,O=C1c2ccccc2C(=O)c2ccccc21,0,1.332040151
73786,NPC212535,"InChI=1S/C13H11NO/c1-8-6-10-9-4-2-3-5-11(9)14-12(10)7-13(8)15/h2-7,14-15H,1H3",ZLOJFAGTWDOURE-UHFFFAOYSA-N,Cc1cc2c(cc1O)[nH]c1ccccc12,0,1.983296267
74122,NPC185816,"InChI=1S/C19H38O/c1-3-4-5-6-7-8-9-10-11-12-13-14-15-16-17-18-19(2)20/h3-18H2,1-2H3",IEDKVDCIEARIIU-UHFFFAOYSA-N,CCCCCCCCCCCCCCCCCC(C)=O,1,1.714856941
74171,NPC317203,"InChI=1S/C6H12O3/c7-5-3-1-2-4-6(8)9/h7H,1-5H2,(H,8,9)",IWHLYPDWHHPVAA-UHFFFAOYSA-N,O=C(O)CCCCCO,0,1.6976107
74197,NPC236566,"InChI=1S/C27H54O2/c1-2-3-4-5-6-7-8-9-10-11-12-13-14-15-16-17-18-19-20-21-22-23-24-25-26-27(28)29/h2-26H2,1H3,(H,28,29)",VXZBFBRLRNDJCS-UHFFFAOYSA-N,CCCCCCCCCCCCCCCCCCCCCCCCCCC(=O)O,1,1.682731223
74225,NPC65997,"InChI=1S/C15H14O3/c1-17-14-10-6-5-9-13(14)15(16)18-11-12-7-3-2-4-8-12/h2-10H,11H2,1H3",QEQSUVJMTPTKRW-UHFFFAOYSA-N,COc1ccccc1C(=O)OCc1ccccc1,0,1.374962172
74260,NPC121800,"InChI=1S/C11H14O2/c1-2-11(12)13-9-8-10-6-4-3-5-7-10/h3-7H,2,8-9H2,1H3",HVGZQCSMLUDISR-UHFFFAOYSA-N,CCC(=O)OCCc1ccccc1,0,1.562732058
74365,NPC298757,"InChI=1S/C18H22O5/c1-20-15-8-7-12(9-14(15)19)5-6-13-10-16(21-2)18(23-4)17(11-13)22-3/h7-11,19H,5-6H2,1-4H3",UXDFUVFNIAJEGM-UHFFFAOYSA-N,COc1ccc(CCc2cc(OC)c(OC)c(OC)c2)cc1O,0,1.919231119
74892,NPC196557,"InChI=1S/C16H16O3/c1-18-15-9-13(10-16(11-15)19-2)4-3-12-5-7-14(17)8-6-12/h3-11,17H,1-2H3",VLEUZFDZJKSGMX-UHFFFAOYSA-N,COc1cc(C=Cc2ccc(O)cc2)cc(OC)c1,0,1.886630995
74948,NPC286946,"InChI=1S/C18H16O3/c1-20-17-9-5-8-15-16(19)12-14(21-18(15)17)11-10-13-6-3-2-4-7-13/h2-9,12H,10-11H2,1H3",ZNQDWWWTGJNVBY-UHFFFAOYSA-N,COc1cccc2c(=O)cc(CCc3ccccc3)oc12,0,1.982300619
75129,NPC57499,"InChI=1S/C8H14O4/c1-11-7(9)5-3-4-6-8(10)12-2/h3-6H2,1-2H3",UDSFAEKRVUSQDD-UHFFFAOYSA-N,COC(=O)CCCCC(=O)OC,0,1.698455984
75303,NPC105238,"InChI=1S/C12H16O4/c1-5-9(13)8-6-11(15-3)12(16-4)7-10(8)14-2/h6-7H,5H2,1-4H3",KUQHFNICKXWOBZ-UHFFFAOYSA-N,CCC(=O)c1cc(OC)c(OC)cc1OC,0,1.77575098
75583,NPC151237,InChI=1S/C15H9ClO2/c16-11-6-7-14-13(8-11)12(9-15(17)18-14)10-4-2-1-3-5-10/h1-9H,SBBCYRBHXPXNBP-UHFFFAOYSA-N,O=c1cc(-c2ccccc2)c2cc(Cl)ccc2o1,0,1.739512763
75753,NPC199024,"InChI=1S/C31H62O/c1-3-5-7-9-11-13-15-17-19-21-23-25-27-29-31(32)30-28-26-24-22-20-18-16-14-12-10-8-6-4-2/h3-30H2,1-2H3",UNRFDARCMOHDBJ-UHFFFAOYSA-N,CCCCCCCCCCCCCCCC(=O)CCCCCCCCCCCCCCC,1,1.698702032
75775,NPC206664,"InChI=1S/C5H12O2/c1-2-7-5-3-4-6/h6H,2-5H2,1H3",XHMWPVBQGARKQM-UHFFFAOYSA-N,CCOCCCO,0,1.919323991
75998,NPC240722,"InChI=1S/C11H10O4/c1-13-9-5-7-3-4-11(12)15-8(7)6-10(9)14-2/h3-6H,1-2H3",GUAFOGOEJLSQBT-UHFFFAOYSA-N,COc1cc2ccc(=O)oc2cc1OC,0,1.857746306
76021,NPC282055,"InChI=1S/C10H20O2/c1-3-4-5-6-7-8-9-10(11)12-2/h3-9H2,1-2H3",IJXHLVMUNBOGRR-UHFFFAOYSA-N,CCCCCCCCC(=O)OC,0,1.569548554
76032,NPC276208,"InChI=1S/C10H12O4/c1-3-14-9-6-7(10(11)12)4-5-8(9)13-2/h4-6H,3H2,1-2H3,(H,11,12)",DMSAIFTWQMXOBE-UHFFFAOYSA-N,CCOc1cc(C(=O)O)ccc1OC,0,1.453142934
76264,NPC282496,"InChI=1S/C17H20O4/c1-19-15-9-13(8-14(18)11-15)5-4-12-6-7-16(20-2)17(10-12)21-3/h6-11,18H,4-5H2,1-3H3",KXKMCMZHJBJGCT-UHFFFAOYSA-N,COc1cc(O)cc(CCc2ccc(OC)c(OC)c2)c1,0,1.855392251
76843,NPC165036,"InChI=1S/C13H12O2/c1-9(14)12-5-3-4-10-8-11(15-2)6-7-13(10)12/h3-8H,1-2H3",WMGUVQVDQWMMBL-UHFFFAOYSA-N,COc1ccc2c(C(C)=O)cccc2c1,0,1.60403202
77169,NPC156840,"InChI=1S/C9H12O2/c1-3-7-4-5-8(10)9(6-7)11-2/h4-6,10H,3H2,1-2H3",CHWNEIVBYREQRF-UHFFFAOYSA-N,CCc1ccc(O)c(OC)c1,0,1.552498798
77207,NPC81808,"InChI=1S/C8H8O3/c1-11-8(10)6-3-2-4-7(9)5-6/h2-5,9H,1H3",YKUCHDXIBAQWSF-UHFFFAOYSA-N,COC(=O)c1cccc(O)c1,0,1.518861875
77313,NPC317381,"InChI=1S/C14H26O3/c1-2-3-4-5-7-10-13(15)11-8-6-9-12-14(16)17/h2-12H2,1H3,(H,16,17)",CDYSHNKYPKNGES-UHFFFAOYSA-N,CCCCCCCC(=O)CCCCCC(=O)O,0,1.869143178
77357,NPC61779,"InChI=1S/C8H8O3/c1-11-7-4-2-6(3-5-7)8(9)10/h2-5H,1H3,(H,9,10)",ZEYHEAKUIGZSGI-UHFFFAOYSA-N,COc1ccc(C(=O)O)cc1,0,1.171041875
77552,NPC128645,"InChI=1S/C11H10O/c12-8-9-5-6-10-3-1-2-4-11(10)7-9/h1-7,12H,8H2",MFGWMAAZYZSWMY-UHFFFAOYSA-N,OCc1ccc2ccccc2c1,0,1.451374089
77576,NPC187095,"InChI=1S/C5H12/c1-3-5-4-2/h3-5H2,1-2H3",OFBQJSOFQDEBGM-UHFFFAOYSA-N,CCCCC,0,1.699621282
77853,NPC327673,"InChI=1S/C5H10O3/c6-4-2-1-3-5(7)8/h6H,1-4H2,(H,7,8)",PHOJOSOUIAQEDH-UHFFFAOYSA-N,O=C(O)CCCCO,0,1.70786877
77981,NPC72240,"InChI=1S/C13H26O2/c1-4-5-6-7-8-9-13(14)15-11-10-12(2)3/h12H,4-11H2,1-3H3",XKWSWANXMRXDES-UHFFFAOYSA-N,CCCCCCCC(=O)OCCC(C)C,0,1.79899053
78166,NPC181089,"InChI=1S/C7H10S/c1-2-4-7-5-3-6-8-7/h3,5-6H,2,4H2,1H3",BTXIJTYYMLCUHI-UHFFFAOYSA-N,CCCc1cccs1,0,1.812394618
78167,NPC307425,"InChI=1S/C11H12O2/c1-3-4-10-5-7-11(8-6-10)13-9(2)12/h3,5-8H,1,4H2,2H3",AXHHVVBUOKYKJO-UHFFFAOYSA-N,C=CCc1ccc(OC(C)=O)cc1,0,1.876705135
78722,NPC203719,"InChI=1S/C8H8O3/c1-11-8-4-6(5-9)2-3-7(8)10/h2-5,10H,1H3",MWOOGOJBHIARFG-UHFFFAOYSA-N,COc1cc(C=O)ccc1O,0,1.822051106
78734,NPC156470,"InChI=1S/C15H19NO3/c1-18-13-9-12(10-14(11-13)19-2)5-6-15(17)16-7-3-4-8-16/h5-6,9-11H,3-4,7-8H2,1-2H3/b6-5+",BRRDATYVUWMJSQ-AATRIKPKSA-N,COc1cc(/C=C/C(=O)N2CCCC2)cc(OC)c1,0,1.974689969
78911,NPC469954,"InChI=1S/C16H16O3/c1-18-14-7-3-12(4-8-14)11-16(17)13-5-9-15(19-2)10-6-13/h3-10H,11H2,1-2H3",SICBLYCPRWNHHP-UHFFFAOYSA-N,COc1ccc(CC(=O)c2ccc(OC)cc2)cc1,0,1.448846379
79005,NPC293367,"InChI=1S/C16H12O3/c1-9-3-5-11-13(7-9)16(18)14-8-10(19-2)4-6-12(14)15(11)17/h3-8H,1-2H3",IQJQDYDCFVWCRD-UHFFFAOYSA-N,COc1ccc2c(c1)C(=O)c1cc(C)ccc1C2=O,0,1.826714546
79125,NPC249285,"InChI=1S/C9H18O3/c10-8-6-4-2-1-3-5-7-9(11)12/h10H,1-8H2,(H,11,12)",AFZMICRBFKZNIH-UHFFFAOYSA-N,O=C(O)CCCCCCCCO,0,1.706306596
79223,NPC223336,"InChI=1S/C16H12O4/c1-19-12-8-7-11-13(16(12)20-2)15(18)10-6-4-3-5-9(10)14(11)17/h3-8H,1-2H3",AMKRBKSZCGCEJK-UHFFFAOYSA-N,COc1ccc2c(c1OC)C(=O)c1ccccc1C2=O,0,1.870132279
79435,NPC185540,"InChI=1S/C10H12O2/c1-3-9-5-4-6-10(7-9)12-8(2)11/h4-7H,3H2,1-2H3",KAGKFSYVRVNAND-UHFFFAOYSA-N,CCc1cccc(OC(C)=O)c1,0,1.582576526
79525,NPC293811,"InChI=1S/C14H13NO2/c1-16-9-3-5-11-12-6-4-10(17-2)8-14(12)15-13(11)7-9/h3-8,15H,1-2H3",OFGBQGFYHXYVIA-UHFFFAOYSA-N,COc1ccc2c(c1)[nH]c1cc(OC)ccc12,0,1.792873175
79554,NPC64359,"InChI=1S/C16H14O3/c1-19-13-8-9-14(16(18)11-13)15(17)10-7-12-5-3-2-4-6-12/h2-11,18H,1H3/b10-7+",GUNGQVJAKLIYDG-JXMROGBWSA-N,COc1ccc(C(=O)/C=C/c2ccccc2)c(O)c1,0,1.803661764
79731,NPC112741,"InChI=1S/C7H7NO2/c1-10-7(9)6-3-2-4-8-5-6/h2-5H,1H3",YNBADRVTZLEFNH-UHFFFAOYSA-N,COC(=O)c1cccnc1,0,1.576161674
79864,NPC262718,"InChI=1S/C10H10O2/c1-7(11)9-4-3-5-10(6-9)8(2)12/h3-6H,1-2H3",VCHOFVSNWYPAEF-UHFFFAOYSA-N,CC(=O)c1cccc(C(C)=O)c1,0,1.485225215
80026,NPC169631,"InChI=1S/C27H54O2/c1-3-5-6-7-8-9-10-11-12-13-14-15-16-17-18-19-20-21-22-23-24-25-26-27(28)29-4-2/h3-26H2,1-2H3",HZLJOMXKSSFKNU-UHFFFAOYSA-N,CCCCCCCCCCCCCCCCCCCCCCCCC(=O)OCC,1,1.795510265
80093,NPC206487,"InChI=1S/C13H12O3/c1-16-12-8-10(7-11(14)13(12)15)9-5-3-2-4-6-9/h2-8,14-15H,1H3",CDSGSEYGSWGVOJ-UHFFFAOYSA-N,COc1cc(-c2ccccc2)cc(O)c1O,0,1.695462322
80161,NPC53953,"InChI=1S/C8H8O2/c1-10-8-5-3-2-4-7(8)6-9/h2-6H,1H3",PKZJLOCLABXVMC-UHFFFAOYSA-N,COc1ccccc1C=O,0,1.575677059
80494,NPC324391,"InChI=1S/C13H26O2/c1-3-5-6-7-8-9-10-11-13(14)15-12-4-2/h3-12H2,1-2H3",OVFMRFMJVFDSAA-UHFFFAOYSA-N,CCCCCCCCCC(=O)OCCC,0,1.715707844
80944,NPC483772,"InChI=1S/C17H14O4/c1-19-12-7-11(8-13(9-12)20-2)17-10-15(18)14-5-3-4-6-16(14)21-17/h3-10H,1-2H3",KXKCAWTVONUDBH-UHFFFAOYSA-N,COc1cc(OC)cc(-c2cc(=O)c3ccccc3o2)c1,0,1.962950544
81013,NPC485640,"InChI=1S/C19H20O5/c1-21-15-8-5-13(6-9-15)7-10-16(20)14-11-17(22-2)19(24-4)18(12-14)23-3/h5-12H,1-4H3/b10-7+",IHAWCLXPXUOJEO-JXMROGBWSA-N,COc1ccc(/C=C/C(=O)c2cc(OC)c(OC)c(OC)c2)cc1,0,1.900302379
81043,NPC110899,"InChI=1S/C9H10O5/c1-13-6-3-5(9(11)12)4-7(14-2)8(6)10/h3-4,10H,1-2H3,(H,11,12)",JMSVCTWVEWCHDZ-UHFFFAOYSA-N,COc1cc(C(=O)O)cc(OC)c1O,0,1.725836927
81139,NPC217423,"InChI=1S/C10H12O3/c1-3-13-10(11)8-6-4-5-7-9(8)12-2/h4-7H,3H2,1-2H3",FNODWEPAWIJGPM-UHFFFAOYSA-N,CCOC(=O)c1ccccc1OC,0,1.342535904
81313,NPC299825,"InChI=1S/C10H12O3/c1-8(11)13-7-6-9-2-4-10(12)5-3-9/h2-5,12H,6-7H2,1H3",LDLOCPJLLDCCGO-UHFFFAOYSA-N,CC(=O)OCCc1ccc(O)cc1,0,1.697658981
81560,NPC92730,"InChI=1S/C15H16O2/c1-15(2,11-3-7-13(16)8-4-11)12-5-9-14(17)10-6-12/h3-10,16-17H,1-2H3",IISBACLAFKSPIT-UHFFFAOYSA-N,CC(C)(c1ccc(O)cc1)c1ccc(O)cc1,0,1.830471795
81587,NPC308198,"InChI=1S/C9H10O4/c1-12-8-4-3-6(5-7(8)10)9(11)13-2/h3-5,10H,1-2H3",QXOXUEFXRSIYSW-UHFFFAOYSA-N,COC(=O)c1ccc(OC)c(O)c1,0,1.590305684
82146,NPC284538,"InChI=1S/C13H15NO3/c1-17-9-10-4-6-11(7-5-10)13(16)14-8-2-3-12(14)15/h4-7H,2-3,8-9H2,1H3",GVNZCNJVWCHERR-UHFFFAOYSA-N,COCc1ccc(C(=O)N2CCCC2=O)cc1,0,1.894024274
82200,NPC206924,"InChI=1S/C6H10O4/c1-10-6(9)4-2-3-5(7)8/h2-4H2,1H3,(H,7,8)",IBMRTYCHDPMBFN-UHFFFAOYSA-N,COC(=O)CCCC(=O)O,0,1.680758716
82722,NPC301702,"InChI=1S/C7H7NO3/c8-4-1-2-5(7(10)11)6(9)3-4/h1-3,9H,8H2,(H,10,11)",WUBBRNOQWQTFEX-UHFFFAOYSA-N,Nc1ccc(C(=O)O)c(O)c1,0,1.87588893
82759,NPC301398,"InChI=1S/C14H28O2/c1-3-4-5-6-7-8-9-10-11-12-13-16-14(2)15/h3-13H2,1-2H3",VZWGRQBCURJOMT-UHFFFAOYSA-N,CCCCCCCCCCCCOC(C)=O,0,1.729794629
82821,NPC202507,"InChI=1S/C11H10O2/c1-13-10-7-3-5-8-4-2-6-9(12)11(8)10/h2-7,12H,1H3",NMLPABRPTHFKMQ-UHFFFAOYSA-N,COc1cccc2cccc(O)c12,0,1.724574885
82910,NPC104450,"InChI=1S/C15H30O2/c1-3-5-7-9-11-13-15(16)17-14-12-10-8-6-4-2/h3-14H2,1-2H3",TZXWLJYLYILFGM-UHFFFAOYSA-N,CCCCCCCOC(=O)CCCCCCC,0,1.724054082
83384,NPC482510,"InChI=1S/C21H20O4/c1-23-16-11-9-15(10-12-16)19-18(22)13-17(14-7-5-4-6-8-14)20(24-2)21(19)25-3/h4-13,22H,1-3H3",CTOCZSBIIZIHFB-UHFFFAOYSA-N,COc1ccc(-c2c(O)cc(-c3ccccc3)c(OC)c2OC)cc1,0,1.955156978
83545,NPC31551,"InChI=1S/C11H20O4/c1-14-10(12)8-6-4-3-5-7-9-11(13)15-2/h3-9H2,1-2H3",DRUKNYVQGHETPO-UHFFFAOYSA-N,COC(=O)CCCCCCCC(=O)OC,0,1.739661449
83606,NPC300156,"InChI=1S/C15H13NO3/c1-18-10-4-6-14-12(8-10)11-7-9(15(17)19-2)3-5-13(11)16-14/h3-8,16H,1-2H3",ANFDUFMLLFNVTE-UHFFFAOYSA-N,COC(=O)c1ccc2[nH]c3ccc(OC)cc3c2c1,0,1.840077149
83861,NPC322031,"InChI=1S/C9H18O3/c1-3-4-5-6-11-7-8-12-9(2)10/h3-8H2,1-2H3",INRKVKPTZMIOTG-UHFFFAOYSA-N,CCCCCOCCOC(C)=O,0,1.843731771
83870,NPC33270,"InChI=1S/C16H18O3/c1-18-15-10-12(9-14(17)11-15)7-8-13-5-3-4-6-16(13)19-2/h3-6,9-11,17H,7-8H2,1-2H3",CTQWBUQUEQSOJO-UHFFFAOYSA-N,COc1cc(O)cc(CCc2ccccc2OC)c1,0,1.822751508
83871,NPC27633,"InChI=1S/C9H10O3/c1-2-12-9(11)7-3-5-8(10)6-4-7/h3-6,10H,2H2,1H3",NUVBSKCKDOMJSU-UHFFFAOYSA-N,CCOC(=O)c1ccc(O)cc1,0,1.404842261
84177,NPC272260,"InChI=1S/C19H20O2/c20-18(13-11-16-7-3-1-4-8-16)15-19(21)14-12-17-9-5-2-6-10-17/h1-10H,11-15H2",JYTREBYXLQXESW-UHFFFAOYSA-N,O=C(CCc1ccccc1)CC(=O)CCc1ccccc1,0,1.787691792
84461,NPC48358,"InChI=1S/C9H18O/c10-8-9-6-4-2-1-3-5-7-9/h9-10H,1-8H2",ZHPBLHYKDKSZCQ-UHFFFAOYSA-N,OCC1CCCCCCC1,0,1.719287934
84682,NPC69403,"InChI=1S/C10H12O3/c1-2-7-13-9-5-3-8(4-6-9)10(11)12/h3-6H,2,7H2,1H3,(H,11,12)",GDFUWFOCYZZGQU-UHFFFAOYSA-N,CCCOc1ccc(C(=O)O)cc1,0,1.366512827
84980,NPC171963,"InChI=1S/C20H40O2/c1-3-5-7-8-9-10-11-12-13-14-15-16-17-18-20(21)22-19-6-4-2/h3-19H2,1-2H3",GLYJVQDYLFAUFC-UHFFFAOYSA-N,CCCCCCCCCCCCCCCC(=O)OCCCC,1,1.856453028
85047,NPC489733,"InChI=1S/C16H16O3/c1-11-14(16(17)19-3)9-13(10-15(11)18-2)12-7-5-4-6-8-12/h4-10H,1-3H3",OPPKKJNQMJGWBD-UHFFFAOYSA-N,COC(=O)c1cc(-c2ccccc2)cc(OC)c1C,0,1.725891034
85573,NPC482512,"InChI=1S/C21H20O4/c1-23-16-11-9-14(10-12-16)17-13-18(24-2)19(21(25-3)20(17)22)15-7-5-4-6-8-15/h4-13,22H,1-3H3",RFQHDJHXYKZFDF-UHFFFAOYSA-N,COc1ccc(-c2cc(OC)c(-c3ccccc3)c(OC)c2O)cc1,0,1.94809739
85637,NPC206876,"InChI=1S/C8H10O2/c1-9-7-5-3-4-6-8(7)10-2/h3-6H,1-2H3",ABDKAPXRBAPSQN-UHFFFAOYSA-N,COc1ccccc1OC,0,1.069867169
85906,NPC32021,"InChI=1S/C26H52O2/c1-2-3-4-5-6-7-8-9-10-11-12-13-14-15-16-17-18-19-20-21-22-23-24-25-26(27)28/h2-25H2,1H3,(H,27,28)",XMHIUKTWLZUKEX-UHFFFAOYSA-N,CCCCCCCCCCCCCCCCCCCCCCCCCC(=O)O,1,1.676458374
85918,NPC218884,"InChI=1S/C19H16O3/c1-22-16-12-15(13-8-4-2-5-9-13)18(20)19(21)17(16)14-10-6-3-7-11-14/h2-12,20-21H,1H3",HMCUGCPHZLJKMS-UHFFFAOYSA-N,COc1cc(-c2ccccc2)c(O)c(O)c1-c1ccccc1,0,1.864349731
86104,NPC135446,"InChI=1S/C16H14O4/c1-20-16-10-11(3-9-15(16)19)2-8-14(18)12-4-6-13(17)7-5-12/h2-10,17,19H,1H3",CHEDQLDLYXAMNI-UHFFFAOYSA-N,COc1cc(C=CC(=O)c2ccc(O)cc2)ccc1O,0,1.904628982
86263,NPC124916,"InChI=1S/C12H12O5/c1-8(13)17-10-5-3-9(4-6-12(14)15)7-11(10)16-2/h3-7H,1-2H3,(H,14,15)/b6-4+",IHKNVZISLLDMOR-GQCTYLIASA-N,COc1cc(/C=C/C(=O)O)ccc1OC(C)=O,0,1.898137485
86308,NPC31786,"InChI=1S/C10H10O4/c1-13-9(11)7-5-3-4-6-8(7)10(12)14-2/h3-6H,1-2H3",NIQCNGHVCWTJSM-UHFFFAOYSA-N,COC(=O)c1ccccc1C(=O)OC,0,1.486745363
86356,NPC10052,"InChI=1S/C17H16O4/c1-20-15-11-9-13(16(19)17(15)21-2)14(18)10-8-12-6-4-3-5-7-12/h3-11,19H,1-2H3",DQPDCCTVAXUNSG-UHFFFAOYSA-N,COc1ccc(C(=O)C=Cc2ccccc2)c(O)c1OC,0,1.986836841
86402,NPC133044,"InChI=1S/C9H10O2/c1-7-5-3-4-6-9(7)11-8(2)10/h3-6H,1-2H3",AMZORBZSQRUXNC-UHFFFAOYSA-N,CC(=O)Oc1ccccc1C,0,1.484472644
86422,NPC27075,"InChI=1S/C26H52O2/c1-3-5-6-7-8-9-10-11-12-13-14-15-16-17-18-19-20-21-22-23-24-25-26(27)28-4-2/h3-25H2,1-2H3",AKXFYSSXNQQBNT-UHFFFAOYSA-N,CCCCCCCCCCCCCCCCCCCCCCCC(=O)OCC,1,1.789461836
86459,NPC308586,"InChI=1S/C10H12O2/c1-12-10(11)8-7-9-5-3-2-4-6-9/h2-6H,7-8H2,1H3",RPUSRLKKXPQSGP-UHFFFAOYSA-N,COC(=O)CCc1ccccc1,0,1.308654684
86943,NPC40597,"InChI=1S/C11H22O2/c1-3-5-6-7-8-9-10-11(12)13-4-2/h3-10H2,1-2H3",BYEVBITUADOIGY-UHFFFAOYSA-N,CCCCCCCCC(=O)OCC,0,1.572558981
87109,NPC165967,"InChI=1S/C24H48O2/c1-2-3-4-5-6-7-8-9-10-11-12-13-14-15-16-17-18-19-20-21-22-23-24(25)26/h2-23H2,1H3,(H,25,26)",QZZGJDVWLFXDLK-UHFFFAOYSA-N,CCCCCCCCCCCCCCCCCCCCCCCC(=O)O,1,1.667364026
87335,NPC94298,"InChI=1S/C10H12O3/c1-2-7-13-10(12)8-3-5-9(11)6-4-8/h3-6,11H,2,7H2,1H3",QELSKZZBTMNZEB-UHFFFAOYSA-N,CCCOC(=O)c1ccc(O)cc1,0,1.551982058
87397,NPC317128,"InChI=1S/C20H40O2/c1-5-6-7-8-9-10-11-12-13-14-15-16-17-18-19(21)22-20(2,3)4/h5-18H2,1-4H3",QESUPNPIYGFLCJ-UHFFFAOYSA-N,CCCCCCCCCCCCCCCC(=O)OC(C)(C)C,1,1.891732184
87927,NPC173407,"InChI=1S/C12H16O3/c1-9(13)4-3-5-10-6-7-11(14)12(8-10)15-2/h6-8,14H,3-5H2,1-2H3",GSNZRKKZTDECQE-UHFFFAOYSA-N,COc1cc(CCCC(C)=O)ccc1O,0,1.817723363
88099,NPC150031,"InChI=1S/C7H14O2/c1-3-4-5-6-7(8)9-2/h3-6H2,1-2H3",NUKZAGXMHTUAFE-UHFFFAOYSA-N,CCCCCC(=O)OC,0,1.509568392
88124,NPC162304,"InChI=1S/C4H10O/c1-3-5-4-2/h3-4H2,1-2H3",RTZKZFJDLAIYFH-UHFFFAOYSA-N,CCOCC,0,1.905673353
88452,NPC101790,"InChI=1S/C9H10O3/c1-6-5-8(11)3-4-9(6)12-7(2)10/h3-5,11H,1-2H3",RPBYFWCDWKXDJU-UHFFFAOYSA-N,CC(=O)Oc1ccc(O)cc1C,0,1.817104542
88486,NPC174811,"InChI=1S/C16H19NO3/c1-20-16-7-4-13(10-15(16)19)11-17-9-8-12-2-5-14(18)6-3-12/h2-7,10,17-19H,8-9,11H2,1H3",SDLILULALIDNSO-UHFFFAOYSA-N,COc1ccc(CNCCc2ccc(O)cc2)cc1O,0,1.822404864
88574,NPC219046,"InChI=1S/C16H10O4/c1-20-16(19)9-6-7-12-13(8-9)15(18)11-5-3-2-4-10(11)14(12)17/h2-8H,1H3",JJFLSBOGTGPZMM-UHFFFAOYSA-N,COC(=O)c1ccc2c(c1)C(=O)c1ccccc1C2=O,0,1.776267718
88738,NPC17151,"InChI=1S/C16H14O3/c1-19-13-8-9-14(16(18)11-13)15(17)10-7-12-5-3-2-4-6-12/h2-11,18H,1H3",GUNGQVJAKLIYDG-UHFFFAOYSA-N,COc1ccc(C(=O)C=Cc2ccccc2)c(O)c1,0,1.803661764
89015,NPC161567,"InChI=1S/C8H10N2O/c1-10-7-4-2-6(3-5-7)8(9)11/h2-5,10H,1H3,(H2,9,11)",FMTRZMBJVKKIEF-UHFFFAOYSA-N,CNc1ccc(C(N)=O)cc1,0,1.584289567
89500,NPC8131,"InChI=1S/C24H48O2/c1-3-5-7-9-11-12-13-14-15-16-17-18-20-22-24(25)26-23-21-19-10-8-6-4-2/h3-23H2,1-2H3",OQILCOQZDHPEAZ-UHFFFAOYSA-N,CCCCCCCCCCCCCCCC(=O)OCCCCCCCC,1,1.844649277
89770,NPC289574,"InChI=1S/C7H6ClNO2/c8-5-3-1-2-4(6(5)9)7(10)11/h1-3H,9H2,(H,10,11)",LWUAMROXVQLJKA-UHFFFAOYSA-N,Nc1c(Cl)cccc1C(=O)O,0,1.791179116
90206,NPC148969,"InChI=1S/C10H12O4/c1-14-10(13)5-3-7-2-4-8(11)9(12)6-7/h2,4,6,11-12H,3,5H2,1H3",NTULQOXXTCSEHM-UHFFFAOYSA-N,COC(=O)CCc1ccc(O)c(O)c1,0,1.849445363
90232,NPC95172,"InChI=1S/C15H22O2/c1-2-3-4-5-6-7-8-15(17)13-9-11-14(16)12-10-13/h9-12,16H,2-8H2,1H3",JZBXYOOARNRUME-UHFFFAOYSA-N,CCCCCCCCC(=O)c1ccc(O)cc1,0,1.661731966
90352,NPC264428,"InChI=1S/C16H16O4/c1-18-13-9-6-10-14(19-2)15(13)16(17)20-11-12-7-4-3-5-8-12/h3-10H,11H2,1-2H3",PKIYLOACOOWBCU-UHFFFAOYSA-N,COc1cccc(OC)c1C(=O)OCc1ccccc1,0,1.583412961
90421,NPC285785,"InChI=1S/C8H10O/c1-7-5-3-4-6-8(7)9-2/h3-6H,1-2H3",DTFKRVXLBCAIOZ-UHFFFAOYSA-N,COc1ccccc1C,0,1.143012007
90680,NPC258425,"InChI=1S/C10H12O3/c1-7(11)8-4-5-9(12-2)10(6-8)13-3/h4-6H,1-3H3",IQZLUWLMQNGTIW-UHFFFAOYSA-N,COc1ccc(C(C)=O)cc1OC,0,1.380936014
90699,NPC2518,"InChI=1S/C10H10O3/c1-13-9-5-2-8(3-6-9)4-7-10(11)12/h2-7H,1H3,(H,11,12)/b7-4+",AFDXODALSZRGIH-QPJJXVBHSA-N,COc1ccc(/C=C/C(=O)O)cc1,0,1.584082058
90869,NPC183684,"InChI=1S/C15H12O4/c1-18-14-7-4-12(10-17)8-15(14)19-13-5-2-11(9-16)3-6-13/h2-10H,1H3",YAYLLPIGVCCHJD-UHFFFAOYSA-N,COc1ccc(C=O)cc1Oc1ccc(C=O)cc1,0,1.937579713
90905,NPC60103,"InChI=1S/C18H18O4/c1-20-16-12-10-14(17(21-2)18(16)22-3)15(19)11-9-13-7-5-4-6-8-13/h4-12H,1-3H3",ANPMSQPDCXKUJG-UHFFFAOYSA-N,COc1ccc(C(=O)C=Cc2ccccc2)c(OC)c1OC,0,1.926563059
91344,NPC473028,"InChI=1S/C8H17NO/c1-4-5-8(10)9-6-7(2)3/h7H,4-6H2,1-3H3,(H,9,10)",PZDWBPCVLDKVPZ-UHFFFAOYSA-N,CCCC(=O)NCC(C)C,0,1.707034455
91407,NPC47719,"InChI=1S/C8H8ClNO2/c1-12-8(11)6-3-2-5(9)4-7(6)10/h2-4H,10H2,1H3",YPSSCICDVDOEAI-UHFFFAOYSA-N,COC(=O)c1ccc(Cl)cc1N,0,1.705387715
91415,NPC136702,"InChI=1S/C10H10O4/c1-14-9-4-2-7(6-8(9)11)3-5-10(12)13/h2-6,11H,1H3,(H,12,13)",QURCVMIEKCOAJU-UHFFFAOYSA-N,COc1ccc(C=CC(=O)O)cc1O,0,1.909676132
91787,NPC65861,"InChI=1S/C11H10O6/c1-16-10(14)7-4-3-6(9(12)13)5-8(7)11(15)17-2/h3-5H,1-2H3,(H,12,13)",KUQGJFOIULVBKJ-UHFFFAOYSA-N,COC(=O)c1ccc(C(=O)O)cc1C(=O)OC,0,1.765152736
91846,NPC264558,"InChI=1S/C10H12O4/c1-7(11)14-5-4-8-2-3-9(12)10(13)6-8/h2-3,6,12-13H,4-5H2,1H3",FGJGLFPNIZXRLV-UHFFFAOYSA-N,CC(=O)OCCc1ccc(O)c(O)c1,0,1.963442934
92266,NPC327442,"InChI=1S/C5H9NO3/c1-2-4(7)6-3-5(8)9/h2-3H2,1H3,(H,6,7)(H,8,9)",WOMAZEJKVZLLFE-UHFFFAOYSA-N,CCC(=O)NCC(=O)O,0,1.833850081
92311,NPC45104,"InChI=1S/C15H14O3/c1-17-14-10-6-5-9-13(14)11-18-15(16)12-7-3-2-4-8-12/h2-10H,11H2,1H3",BZUHSQFJABFAHL-UHFFFAOYSA-N,COc1ccccc1COC(=O)c1ccccc1,0,1.426653592
92338,NPC1527,"InChI=1S/C13H10N2O/c1-16-12-8-4-7-11-13(12)15-10-6-3-2-5-9(10)14-11/h2-8H,1H3",ZYDGCYWJDWIJCS-UHFFFAOYSA-N,COc1cccc2nc3ccccc3nc12,0,1.734950112
92604,NPC15805,"InChI=1S/C15H16O3/c1-16-13-9-12(11-7-5-4-6-8-11)10-14(17-2)15(13)18-3/h4-10H,1-3H3",FZELAUWRSAKWRF-UHFFFAOYSA-N,COc1cc(-c2ccccc2)cc(OC)c1OC,0,1.50547063
92679,NPC257445,"InChI=1S/C18H20O6/c1-20-13-8-6-5-7-12(13)11-24-18(19)16-14(21-2)9-10-15(22-3)17(16)23-4/h5-10H,11H2,1-4H3",FRYJOJUPFQFSKZ-UHFFFAOYSA-N,COc1ccccc1COC(=O)c1c(OC)ccc(OC)c1OC,0,1.920354503
92801,NPC113122,"InChI=1S/C10H10O3/c1-13-9-5-2-8(3-6-9)4-7-10(11)12/h2-7H,1H3,(H,11,12)/b7-4-",AFDXODALSZRGIH-DAXSKMNVSA-N,COc1ccc(/C=C\C(=O)O)cc1,0,1.584082058
92866,NPC126349,"InChI=1S/C12H10O3/c1-14-10-7-11(15-12(13)8-10)9-5-3-2-4-6-9/h2-8H,1H3",JRKYMPFHUAZGIS-UHFFFAOYSA-N,COc1cc(-c2ccccc2)oc(=O)c1,0,1.899633298
93299,NPC234096,"InChI=1S/C27H54O2/c1-3-5-7-8-9-10-11-12-13-14-15-16-17-18-19-20-21-22-23-25-27(28)29-26-24-6-4-2/h3-26H2,1-2H3",UPGXFTXMGCZBRA-UHFFFAOYSA-N,CCCCCCCCCCCCCCCCCCCCCC(=O)OCCCCC,1,1.85590654
93902,NPC265305,"InChI=1S/C10H10O4/c1-14-9-6-7(2-4-8(9)11)3-5-10(12)13/h2-6,11H,1H3,(H,12,13)/b5-3-",KSEBMYQBYZTDHS-HYXAFXHYSA-N,COc1cc(/C=C\C(=O)O)ccc1O,0,1.869063177
94220,NPC287478,"InChI=1S/C10H12O4/c1-13-8-4-3-7(6-10(11)12)5-9(8)14-2/h3-5H,6H2,1-2H3,(H,11,12)",WUAXWQRULBZETB-UHFFFAOYSA-N,COc1ccc(CC(=O)O)cc1OC,0,1.490553055
94346,NPC65314,"InChI=1S/C22H44O2/c1-21(2)19-17-15-13-11-9-7-5-3-4-6-8-10-12-14-16-18-20-22(23)24/h21H,3-20H2,1-2H3,(H,23,24)",HJVKLVGLKNGYGQ-UHFFFAOYSA-N,CC(C)CCCCCCCCCCCCCCCCCCC(=O)O,1,1.83307012
94437,NPC240470,"InChI=1S/C26H52O2/c1-3-4-5-6-7-8-9-10-11-12-13-14-15-16-17-18-19-20-21-22-23-24-25-26(27)28-2/h3-25H2,1-2H3",WOPKHAQDUMDJIY-UHFFFAOYSA-N,CCCCCCCCCCCCCCCCCCCCCCCCC(=O)OC,1,1.76428574
94438,NPC244265,"InChI=1S/C26H52O2/c1-3-4-5-6-7-8-9-10-11-12-13-14-15-16-17-18-19-20-21-22-23-24-25-28-26(2)27/h3-25H2,1-2H3",YNNTYKYGOBKPFT-UHFFFAOYSA-N,CCCCCCCCCCCCCCCCCCCCCCCCOC(C)=O,1,1.800890868
96229,NPC490883,"InChI=1S/C8H9NO2/c1-6(10)9-7-4-2-3-5-8(7)11/h2-5,11H,1H3,(H,9,10)",ADVGKWPZRIDURE-UHFFFAOYSA-N,CC(=O)Nc1ccccc1O,0,1.527340336
