ID,scaffold,mean_shap_full,mean_shap_test,mean_shap,effect_test
pos1,C1=C2C(CCC3C2CC2OCC4CCCC3C42)C(c2ccoc2)C1,0.002736748,0.002736748,0.002736748,positive
pos2,O=C(C=Cc1ccccc1)CC(CCc1ccccc1)OC1CCCCO1,0.002508349,0.002508349,0.002508349,positive
pos3,O=C1CC(c2ccc3c(c2)OC(c2ccccc2)CO3)Oc2ccccc21,0.002393869,0.002393869,0.002393869,positive
pos4,O=C1C=CCC(C2OCC34CCC5C6C(=O)C=CC=C6CCC5C3CCC24)O1,0.002276817,0.002276817,0.002276817,positive
pos5,C1=C2C(CC1c1ccoc1)OC1CC3CCCCC3CC21,0.002248325,0.002248325,0.002248325,positive
pos6,O=C(C=Cc1ccccc1)OCC1CC(OC2CCCCO2)CC(OCCc2ccccc2)O1,0.002247792,0.002247792,0.002247792,positive
pos7,O=C(OC1CCCOC1Oc1c(-c2ccccc2)oc2ccccc2c1=O)c1ccccc1,0.002215809,0.002215809,0.002215809,positive
pos8,C(=Cc1cccc(OC2CCCCO2)c1)c1ccccc1,0.002186173,0.002186173,0.002186173,positive
pos9,O=C1CC(c2ccoc2)C2CC(=O)C3C(CCC4C5CCCC43COC5)C12,0.002178994,0.002178994,0.002178994,positive
pos10,O=C1CCCC2CCC3CCCCC3C12,0.002141777,0.002141777,0.002141777,positive
pos11,O=C(OC1CCOC(Oc2c(-c3ccccc3)oc3ccccc3c2=O)C1OC(=O)c1ccccc1)c1ccccc1,0.002083804,0.002083804,0.002083804,positive
pos12,C1=C2C3=CCC4CCCCC4C3CCC2CC1,0.002073372,0.002073372,0.002073372,positive
pos13,O=C1C=C2C3CCCCC3CCC2C2CCC3CC(OC4CCCCO4)CCC3C12,0.002066508,0.002066508,0.002066508,positive
pos14,O=C1CCC(c2ccc(OCCCCCN3N=C(c4cccn5nccc45)CCC3=O)cc2)=NN1,0.002047764,0.002047764,0.002047764,positive
pos15,C(=Cc1ccccc1)C=Nc1cccc(-c2nc3ccccc3s2)c1,0.00202075,0.00202075,0.00202075,positive
pos16,O=C1C=CC2C(CCC3Oc4ccc5c(c4CC32)CCOC5=O)C1,0.001997528,0.001997528,0.001997528,positive
pos17,O=C1C=C(C2CCC3C2CCC2C4CCCCC4CCC23)CO1,0.00199531,0.00199531,0.00199531,positive
pos18,O=C1CC2CCC3C(CCC4CC(OC5CCCCO5)CC(OC5OCCCC5OC5CCCCO5)C43)C2C1,0.001946765,0.001946765,0.001946765,positive
pos19,O=C1NC2CCC3CC4CCCC4CC=C1C32,0.001916752,0.001916752,0.001916752,positive
pos20,O=C(Nc1ccnn1-c1cnn(CCN2CCCCC2)c1)NC1CCC(Oc2ccc3nnc(N4CCCCC4)n3c2)c2ccccc21,0.00188436,0.00188436,0.00188436,positive
pos21,c1ccc(-c2ccc(OC3CCCC4CCCCC43)cc2)cc1,0.001874781,0.001874781,0.001874781,positive
pos22,O=c1ccc2ccc(OC3CCCCO3)cc2o1,0.001864681,0.001864681,0.001864681,positive
pos23,O=C(Nc1ccnn1-c1cccc(OCCN2CCOCC2)c1)NC1CCC(Oc2ccc3nnc(C4CCCCC4)n3c2)c2ccccc21,0.001838115,0.001838115,0.001838115,positive
pos24,O=C(C=Cc1ccccc1)CCCCc1ccccc1,0.001831051,0.001831051,0.001831051,positive
pos25,O=C1CCC2C3=C(CCC2C1)C1CCCC1CC3,0.001816848,0.001816848,0.001816848,positive
pos26,O=C(Nc1ccccc1OC1CCNCC1)c1cccc(-c2ccc3ncncc3c2)c1,0.001813612,0.001813612,0.001813612,positive
pos27,O=C1OC23CCC4C5CCCCC5CCC4C2CCC12CCCCC23,0.001805682,0.001805682,0.001805682,positive
pos28,O=c1ccc(C2CCC3C2CCC2C4CCC(OC5CCCCO5)C=C4CCC23)co1,0.001794524,0.001794524,0.001794524,positive
pos29,O=C(NN=Cc1ccccc1)C12CC3CCC(CC(C3)C1)C2,0.001779446,0.001779446,0.001779446,positive
pos30,O=c1ccc2c3c(ccc2o1)C=CCO3,0.001775098,0.001775098,0.001775098,positive
pos31,C(=CC12Oc3ccccc3C(Oc3ccccc31)C2Cc1ccccc1)c1ccccc1,0.001764489,0.001764489,0.001764489,positive
pos32,c1ccc(CCc2ccccc2CC2c3cc4c(cc3OC2c2ccccc2)CCc2ccccc2-4)cc1,0.001764223,0.001764223,0.001764223,positive
pos33,C1COCC(C2CCC3C2CCC24CC25CCCCC5CCC34)C1,0.001759242,0.001759242,0.001759242,positive
pos34,c1ccc(-c2ccccc2OC2CCCC3CCCCC32)cc1,0.001752472,0.001752472,0.001752472,positive
pos35,O=C(C=Cc1ccc2c(c1)OCO2)c1ccccc1,0.001740491,0.001740491,0.001740491,positive
pos36,O=C1NC(=S)N(c2ccccc2)C(=O)C1=Cc1ccco1,0.001715898,0.001715898,0.001715898,positive
pos37,O=C1CC(c2ccc(OCCCCN3N=C(c4cccn5nccc45)CCC3=O)cc2)=NN1,0.001710425,0.001710425,0.001710425,positive
pos38,C=C1CCCC2c3ccccc3CCC12,0.00170468,0.00170468,0.00170468,positive
pos39,O=C1C=CC2C(=CCC3C4CCCC4CC(=O)C23)C1,0.00170272,0.00170272,0.00170272,positive
pos40,O=C1C=C2CCCCC2C2CCC3CCCC3C12,0.001695915,0.001695915,0.001695915,positive
pos41,O=C(C=Cc1ccccc1)OCc1ccccc1,0.001663939,0.001663939,0.001663939,positive
pos42,O=C1CCC(c2cccn3nccc23)=NN1CCCCOc1ccc(-c2ccc(=O)[nH]n2)cc1,0.001661419,0.001661419,0.001661419,positive
pos43,O=C1C2C3CCCC3CCC2C2CCCCC23OC13,0.001649992,0.001649992,0.001649992,positive
pos44,O=C1CC2CCC34OC3(C=CC3CCCCC34)C2C1,0.001643224,0.001643224,0.001643224,positive
pos45,O=C(Cn1cccn1)NN=Cc1ccccc1,0.001635462,0.001635462,0.001635462,positive
pos46,O=c1c(-c2ccccc2)coc2cc(OC3CCCCO3)ccc12,0.001620984,0.001620984,0.001620984,positive
pos47,O=C(Nc1cc(-c2nc(OC3CCN(Cc4ccccc4)CC3)cs2)ccn1)C1CC1,0.001617796,0.001617796,0.001617796,positive
pos48,c1ccc(Oc2cccc(C3Oc4cccc(Oc5ccccc5)c4OC3COc3ccccc3-c3ccccc3)c2)cc1,0.001608893,0.001608893,0.001608893,positive
pos49,O=C(CC1=CC(=Cc2ccccc2)c2ccccc21)Nc1ccccc1,0.001603215,0.001603215,0.001603215,positive
pos50,C=C1c2ccoc2CC2C1CCC1CCCCC12,0.001583317,0.001583317,0.001583317,positive
pos51,O=C1CNCC2C(c3ccc(C=Cc4ccccc4)cc3)CN12,0.001581389,0.001581389,0.001581389,positive
pos52,O=C(C=Cc1cccc2c1OC1(C=C2)NC(=O)c2ccccc2O1)c1ccccc1,0.001576189,0.001576189,0.001576189,positive
pos53,c1cc(-c2cn3c4nc(ncc24)NCCCCCCCCCCCC3)ccc1CN1CCNCC1,0.00156484,0.00156484,0.00156484,positive
pos54,O=c1ccc2ccc(OCC3CCCC4CCCCC43)cc2o1,0.001558202,0.001558202,0.001558202,positive
pos55,C(=Nc1ccccc1)c1cccc(Cc2ccccc2)c1,0.001530973,0.001530973,0.001530973,positive
pos56,O=C(C=Cc1ccccc1)c1c[nH]c2ccccc12,0.001524641,0.001524641,0.001524641,positive
pos57,C=C1CCCC12CCC1CCCC=C12,0.001503868,0.001503868,0.001503868,positive
pos58,O=C(Cc1ccccc1)Cc1ccccc1,0.001502039,0.001502039,0.001502039,positive
pos59,O=C1C=CC2=C(C1)OC(c1ccccc1)CC2,0.001498918,0.001498918,0.001498918,positive
pos60,O=C1NC(=S)NC(=O)C1=Cc1c[nH]nc1-c1ccccc1,0.00149478,0.00149478,0.00149478,positive
pos61,O=C1Nc2ccccc2C1=Cc1ccnc2ccccc12,0.001492075,0.001492075,0.001492075,positive
pos62,O=C1C=CC(c2cc(=O)c3ccccc3o2)C=C1,0.001490673,0.001490673,0.001490673,positive
pos63,O=C1C=C2CCCC3CCC(C=C2O1)O3,0.001486345,0.001486345,0.001486345,positive
pos64,O=C(C=Cc1ccccc1)OC1CC2CCC1C2,0.001485172,0.001485172,0.001485172,positive
pos65,O=C1C=CC2=CC3CCCC3CCCC12,0.001468395,0.001468395,0.001468395,positive
pos66,O=C1C=CC2C(=CCC3C4CCCC4CCC23)C1,0.001467728,0.001467728,0.001467728,positive
pos67,O=C1CC=CC2CC3OC4CC(c5ccoc5)C=C4C3CC12,0.001465707,0.001465707,0.001465707,positive
pos68,C1=C2CCCCC2C2CCC3CCCC3C2C1,0.001448813,0.001448813,0.001448813,positive
pos69,O=C(NN=Cc1cccc2ccccc12)c1ccccc1,0.001442885,0.001442885,0.001442885,positive
pos70,C(=Cc1cccc2c1C(c1ccccc1)C(c1ccccc1)O2)c1ccccc1,0.001441242,0.001441242,0.001441242,positive
pos71,C(=Nc1ccccc1)c1cccc2ccccc12,0.001438649,0.001438649,0.001438649,positive
pos72,S=C(Nc1ccccc1)C(=Cc1ccccc1)[n+]1ccccc1,0.001436041,0.001436041,0.001436041,positive
pos73,O=C1C2CC=CCC2C(c2ccccc2)=NN1Cc1ccc(CN2CCC3(CC2)OCCO3)cc1,0.001430012,0.001430012,0.001430012,positive
pos74,O=C1NC(=Nc2ccccc2)SC1=Cc1ccco1,0.001428119,0.001428119,0.001428119,positive
pos75,O=C(C=Cc1ccco1)N=CC(=O)NNc1c[nH]c2ccccc12,0.001426169,0.001426169,0.001426169,positive
pos76,C(=NNc1nc(-c2cccnc2)nc2ccccc12)c1ccccc1,0.001418022,0.001418022,0.001418022,positive
pos77,S=c1[nH]nc(-c2ccn[nH]2)n1N=CC=Cc1ccccc1,0.001410245,0.001410245,0.001410245,positive
pos78,c1cc(C2CCC3C2CCC2C4CCCCC4CCC23)n[nH]1,0.001409304,0.001409304,0.001409304,positive
pos79,O=C(OC1CCC2COC3C4OC5CC(c6ccoc6)C=C5C4CC1C23)c1ccccc1,0.001404813,0.001404813,0.001404813,positive
pos80,S=c1[nH]nc(-c2ccncc2)n1N=CC=Cc1ccccc1,0.00140354,0.00140354,0.00140354,positive
pos81,O=C(NN=CC=Cc1ccco1)c1cc(-c2ccc3ccccc3c2)[nH]n1,0.001403387,0.001403387,0.001403387,positive
pos82,O=c1c(-c2ccccc2)coc2c(C3CCCCO3)cccc12,0.001398354,0.001398354,0.001398354,positive
pos83,C(=NCc1ccccc1)c1cc2ccccc2[nH]1,0.001395945,0.001395945,0.001395945,positive
pos84,O=C1NC(=O)N(c2ccccc2)C(=O)C1=Cc1cccs1,0.00138607,0.00138607,0.00138607,positive
pos85,O=C1NCCC(CNCc2ccccc2)OCCCCCOc2ccc(NS(=O)(=O)c3cccs3)cc21,0.001385037,0.001385037,0.001385037,positive
pos86,O=S(=O)(NCCCNc1cc(-c2[nH]c(-c3ccccc3)nc2-c2ccccc2)ccn1)c1ccccc1,0.001366041,0.001366041,0.001366041,positive
pos87,O=C(C=Cc1ccccc1)NC(=S)NNC(=O)c1conc1-c1ccccc1,0.001365144,0.001365144,0.001365144,positive
pos88,C(=Cc1ccc(OCc2ccccc2)cc1)c1ccccc1,0.001354508,0.001354508,0.001354508,positive
pos89,O=C(OCC12C(=O)OC3CCC1CC32OC1CCCCO1)c1ccccc1,0.001353585,0.001353585,0.001353585,positive
pos90,O=C(Nc1ccnn1-c1ccccc1)NC1CCC(Oc2ccc3nnc(C4CCCCC4)n3c2)c2ccccc21,0.001353339,0.001353339,0.001353339,positive
pos91,C=C1CCC2CC2=CCC(=O)C2CCC(OC(=O)c3ccccc3)C2C1,0.001350639,0.001350639,0.001350639,positive
pos92,O=C(Cn1ncccc1=O)NCC(=O)Nc1ccccc1,0.001340914,0.001340914,0.001340914,positive
pos93,O=C(Nc1cccc2cnccc12)C1CCN(S(=O)(=O)c2ccccc2)CC1,0.001338205,0.001338205,0.001338205,positive
pos94,C1CCC2CCC3C(=C2C1)CCC1C2CCCCC2CCC31,0.00133405,0.00133405,0.00133405,positive
pos95,O=C(Nc1ccnn1-c1ccccc1)NC1CCC(Oc2ccc3nnc(N4CCNCC4)n3c2)c2ccccc21,0.001328368,0.001328368,0.001328368,positive
pos96,O=C1OCC=C1C1C=C2C(C1)OC1C2CC2C(OC(=O)c3ccccc3)CCC3COC1C32,0.001322261,0.001322261,0.001322261,positive
pos97,O=C(C=Cc1cccc(NC(=O)c2ccccc2)c1)NCCc1ccccc1,0.001313081,0.001313081,0.001313081,positive
pos98,C=C1C(=O)OC2C1CCC1CCC=CC12,0.001306316,0.001306316,0.001306316,positive
pos99,c1ccc(Sc2ccncn2)cc1,0.001304444,0.001304444,0.001304444,positive
pos100,O=C(OCC12C3OC4CC(O3)C1(OC1CCCCO1)CC42)c1ccccc1,0.001299642,0.001299642,0.001299642,positive
pos101,O=C(Nc1ccccc1)c1ccc2c(ccc3c4ccccc4[nH]c23)c1,0.001294578,0.001294578,0.001294578,positive
pos102,O=c1cc(-c2ccccc2)oc2c(NS(=O)(=O)c3cccs3)cccc12,0.001294057,0.001294057,0.001294057,positive
pos103,C1=CC2=CC3CC4C(CC5CC6(CCCCN6)OC54)CC3C2CC1,0.001289399,0.001289399,0.001289399,positive
pos104,C=C1C(=O)OC2C1CCCC13C=CC(C21)C1(C3)C(=O)OC2C3CCC4OC43CCCC21,0.001288721,0.001288721,0.001288721,positive
pos105,c1ccc(OC2CCC(OC3CCCCO3)CO2)cc1,0.001287765,0.001287765,0.001287765,positive
pos106,O=C(Cc1ccccc1)Nc1ccc(OC2CCCCC2)cc1,0.001284053,0.001284053,0.001284053,positive
pos107,O=C1NC(=O)N(c2ccccc2)C(=O)C1=Cc1coc2ccccc2c1=O,0.001279935,0.001279935,0.001279935,positive
pos108,O=c1[nH]c2cnc3cc(-c4cnoc4)c(OC4CCNC4)cc3c2n1Cc1ccccn1,0.001275239,0.001275239,0.001275239,positive
pos109,O=C(Cc1cn(C(=O)c2ccccc2)c2ccccc12)NCCCOc1ccccc1,0.001267379,0.001267379,0.001267379,positive
pos110,O=C1CCC2=CCC3C4CCCC4CC(=O)C3C2C1,0.001265315,0.001265315,0.001265315,positive
pos111,C(=NNc1ccnc(-c2ccccc2)n1)c1ccccc1,0.001256817,0.001256817,0.001256817,positive
pos112,O=C1C(=Cc2ccn(-c3ccccc3)c2)C(=O)c2ccccc21,0.001248459,0.001248459,0.001248459,positive
pos113,O=C(NN=Cc1ccccn1)c1ccccc1,0.001246717,0.001246717,0.001246717,positive
pos114,O=C(Cc1cn(C(=O)c2ccccc2)c2ccccc12)NCCOc1ccccc1,0.00124627,0.00124627,0.00124627,positive
pos115,O=C(OC1CCC2C(=O)CC=C3CC3CC=CCC12)c1ccccc1,0.001246188,0.001246188,0.001246188,positive
pos116,O=C(Nc1ccncc1)Nc1cc(-c2cccc(-c3cc(C(=O)NCCN4CCOCC4)cc(C(=O)NC4CC4)c3)c2)n[nH]c1=O,0.001245698,0.001245698,0.001245698,positive
pos117,C=c1cccc2c1=CC=C1C2CCC2C1CCC1CCCCC12,0.001245444,0.001245444,0.001245444,positive
pos118,O=C(CCc1ccccc1)c1ccccc1,0.001244751,0.001244751,0.001244751,positive
pos119,O=C1c2ccc3c(c2OC2COc4ccccc4C12)CCO3,0.001244559,0.001244559,0.001244559,positive
pos120,O=C(OC(Cc1cc[nH+]cc1)c1cccc(OCC2CC2)c1)c1cccc(OCc2ccccc2)c1,0.001244139,0.001244139,0.001244139,positive
pos121,C=C1CC2C(OC(=O)c3ccccc3)CCC2C(=O)CC=C2CC2CC1OC(=O)c1ccccc1,0.001243426,0.001243426,0.001243426,positive
pos122,O=C(C1CCOCC1)N1CC(c2ccc(C#Cc3ccccc3)cc2)C1,0.00123944,0.00123944,0.00123944,positive
pos123,O=C(C=Cc1ccco1)c1ccc(NC(=O)C23CC4CC(CC(C4)C2)C3)cc1,0.001236201,0.001236201,0.001236201,positive
pos124,O=C1OCC(Cc2ccc3c(c2)CCCO3)C1c1ccccc1,0.001234599,0.001234599,0.001234599,positive
pos125,O=C(C=Cc1ccccc1)Nc1ccccc1,0.001227796,0.001227796,0.001227796,positive
pos126,O=C(C=CCCc1ccccc1)C=Cc1ccccc1,0.001224652,0.001224652,0.001224652,positive
pos127,O=C(Nc1ccncc1)Nc1cc(-c2cccc(-c3cccc(C(=O)NCCN4CCCCC4)c3)c2)n[nH]c1=O,0.001223803,0.001223803,0.001223803,positive
pos128,O=C(NN=Cc1c[nH]c2ccccc12)c1ccc2ccccc2c1,0.001221412,0.001221412,0.001221412,positive
pos129,O=C(CCN1C(=O)C(=Cc2ccccc2)SC1=S)NNC(=O)c1ccccc1,0.001214793,0.001214793,0.001214793,positive
pos130,O=C(Cc1cn(C(=O)c2ccccc2)c2ccccc12)NCCCCOc1ccccc1,0.001213352,0.001213352,0.001213352,positive
pos131,O=C1c2ccc(Nc3ccccc3)cc2CCc2ccc(OCCC3COCO3)cc21,0.001203446,0.001203446,0.001203446,positive
pos132,O=C1CCCCCn2cc(-c3ccc(CN4CCNCC4)cc3)c3cnc(nc32)NCCCCN1,0.001201517,0.001201517,0.001201517,positive
pos133,C(=NNc1ccccc1)c1cn(-c2ccccc2)nc1-c1cccs1,0.001198082,0.001198082,0.001198082,positive
pos134,c1cc(-c2cc3c(o2)CCNC3)nc(Nc2ccc(OCCN3CCCC3)cc2)n1,0.001196431,0.001196431,0.001196431,positive
pos135,C(=Cc1ccccc1)CNc1ccc2c(c1)OCCO2,0.0011946,0.0011946,0.0011946,positive
pos136,O=C(Nc1ccccc1)Nc1nnc(C=Cc2ccccc2)s1,0.001194345,0.001194345,0.001194345,positive
pos137,O=C1c2ccc(Nc3ccccc3)cc2CCc2ccc(OCC3COCO3)cc21,0.001193919,0.001193919,0.001193919,positive
pos138,O=C1CC(C2CCC3C2CCC2C4CCC(OC5CCCCO5)CC4CCC23)CO1,0.001192468,0.001192468,0.001192468,positive
pos139,O=C(Nc1ccc(-c2nc3ncccc3o2)cc1)c1ccco1,0.001192231,0.001192231,0.001192231,positive
pos140,c1ccc(Cc2c(-c3ccccc3)cc3ccccn23)cc1,0.001189891,0.001189891,0.001189891,positive
pos141,S=c1[nH]nc(C2CCCCC2)n1N=Cc1ccccc1,0.001185043,0.001185043,0.001185043,positive
pos142,C(=NNc1ccncn1)c1ccn(-c2ccccc2)c1,0.00118378,0.00118378,0.00118378,positive
pos143,O=C(C1CC1)N1CC(c2ccc(C#Cc3ccccc3)cc2)C1,0.001183492,0.001183492,0.001183492,positive
pos144,O=C(Nc1ccc(N2CCCCC2)cc1)c1ccco1,0.001179297,0.001179297,0.001179297,positive
pos145,O=C(OC(Cc1cc[nH+]cc1)c1cccc(OCC2CC2)c1)c1cccc(Oc2ccccc2)c1,0.001176059,0.001176059,0.001176059,positive
pos146,C(=Cc1nc2ccccc2s1)c1ccc(-c2ccccc2)o1,0.001175272,0.001175272,0.001175272,positive
pos147,O=C(C=Cc1ccsc1)c1ccco1,0.0011735,0.0011735,0.0011735,positive
pos148,O=C1C(=Cc2ccc(-c3ccccc3)o2)C=NN1c1ccccc1,0.001166604,0.001166604,0.001166604,positive
pos149,O=C1OC(C2=CCOC2=O)CC1=CC1OC2CCC=C3C(=O)OC1C32,0.001165851,0.001165851,0.001165851,positive
pos150,O=C(Nc1cccc(CN2CCSCC2)c1)c1ccc2c(c1)CN(c1cncnc1)CC2,0.001164777,0.001164777,0.001164777,positive
pos151,O=C1C=CC2=C(C1)OC(c1ccc3c(c1)OCO3)CC2,0.001156716,0.001156716,0.001156716,positive
pos152,O=C1CC(c2ccccc2)Oc2c1ccc1c2C=CCO1,0.001156655,0.001156655,0.001156655,positive
pos153,O=C(OC(Cc1cc[nH+]cc1)c1cccc(OCC2CC2)c1)c1ccccc1,0.001147383,0.001147383,0.001147383,positive
pos154,O=C(OC(Cc1cc[nH+]cc1)c1cccc(OCC2CC2)c1)c1ccc(OCc2ccccc2)cc1,0.001142669,0.001142669,0.001142669,positive
pos155,c1ccc(-c2cn3c4nc(ncc24)NCCCCCCCCCCCC3)cc1,0.001139663,0.001139663,0.001139663,positive
pos156,O=C(C=Cc1ccccc1)c1ccc[nH]c1=O,0.001133207,0.001133207,0.001133207,positive
pos157,O=C1c2ccc(Nc3ccccc3)cc2CCc2c1cccc2C1CCOCC1,0.001127369,0.001127369,0.001127369,positive
pos158,c1cn(-c2ccc(Nc3nccc(-c4cc5c(o4)CCNC5)n3)cc2)cn1,0.001126707,0.001126707,0.001126707,positive
pos159,N=C1C(=Cc2ccc(OC(=O)c3ccco3)cc2)C(=O)N=C2SC=NN12,0.001122096,0.001122096,0.001122096,positive
pos160,C1=CCCCC=CCCCC=CCC1,0.001118593,0.001118593,0.001118593,positive
pos161,c1cc2c(o1)CC1CC34CCC(OC3CC1C2)O4,0.00110592,0.00110592,0.00110592,positive
pos162,O=c1c2ccccc2nc(-c2ccco2)n1N=Cc1ccco1,0.001105321,0.001105321,0.001105321,positive
pos163,O=C(CCS(=O)(=O)c1ccccc1)Nc1ccc(-c2nc3ccccc3s2)cc1,0.001103264,0.001103264,0.001103264,positive
pos164,N=C1C(=Cc2ccc(OS(=O)(=O)c3ccccc3)cc2)C(=O)N=C2SC=NN12,0.001095622,0.001095622,0.001095622,positive
pos165,O=C1ON=CC1=Cc1ccc(-c2ccccc2)o1,0.001094895,0.001094895,0.001094895,positive
pos166,O=C1CCCc2nc3sccc3cc21,0.001088131,0.001088131,0.001088131,positive
pos167,C=C1CCC2CCCCC2C1,0.001084886,0.001084886,0.001084886,positive
pos168,C1=CCC2CCCC2CC1,0.001084602,0.001084602,0.001084602,positive
pos169,O=C(C=Cc1ccccc1)NC(=S)Nc1ccccc1,0.00107901,0.00107901,0.00107901,positive
pos170,C1=Cc2ccccc2C1=Cc1ccccc1,0.001078975,0.001078975,0.001078975,positive
pos171,O=C1CCCC1,0.001076035,0.001076035,0.001076035,positive
pos172,C=C1C(=O)OC2CCC3OC3CC12,0.001067571,0.001067571,0.001067571,positive
pos173,O=C1C=C(C2C=C3C(C2)OC2CC4CC=CC(=O)C4CC32)CO1,0.001065517,0.001065517,0.001065517,positive
pos174,c1ccc(C2CCc3ccccc3O2)cc1,0.001063672,0.001063672,0.001063672,positive
pos175,O=C(Cc1ccc(-c2ccccc2)cc1)NCCc1ccccc1,0.001063087,0.001063087,0.001063087,positive
pos176,c1ccc(Nc2nccc(-c3cc4c(o3)CCNC4)n2)cc1,0.001057884,0.001057884,0.001057884,positive
pos177,O=C(Nc1cccc(Nc2ccc3c(c2)CCc2ccccc2C3=O)c1)c1ccoc1,0.001057726,0.001057726,0.001057726,positive
pos178,O=C1CC=C(C=CCOC2CCCCO2)CC1,0.001057136,0.001057136,0.001057136,positive
pos179,O=C1NCCc2ccccc21,0.001056809,0.001056809,0.001056809,positive
pos180,O=C(NN=Cc1ccc(-c2ccccc2)o1)c1ccc(Cn2cccn2)o1,0.001050012,0.001050012,0.001050012,positive
pos181,O=C(NNC(=S)NC(=O)C1CCCCC1)c1ccncc1,0.001048009,0.001048009,0.001048009,positive
pos182,O=C1OCOC(=O)C1=Cc1ccccc1,0.001037795,0.001037795,0.001037795,positive
pos183,O=C(C=Cc1ccccc1)c1cccs1,0.001032612,0.001032612,0.001032612,positive
pos184,O=C(NC(=S)NNC(=O)c1cccs1)c1ccccc1,0.001032221,0.001032221,0.001032221,positive
pos185,O=C1C2CC=CCC2C(c2ccccc2)=NN1Cc1ccc(CN2CCOCC2)cc1,0.001030816,0.001030816,0.001030816,positive
pos186,c1ccc(-c2cc3cc4ccccc4oc-3c2)cc1,0.001027358,0.001027358,0.001027358,positive
pos187,O=C(N1CCCCC1)n1cc(-c2ccccc2)c(=O)o1,0.001026413,0.001026413,0.001026413,positive
pos188,O=C(C[SH+]c1ccccc1)OCc1ccccc1,0.001024711,0.001024711,0.001024711,positive
pos189,c1ccc(-c2cccc(-c3nccc4c3CNC4)c2)cc1,0.001021856,0.001021856,0.001021856,positive
pos190,O=C(Nc1ccccn1)n1ccc(=O)o1,0.001019675,0.001019675,0.001019675,positive
pos191,c1ccc(-c2ccc(NC3CCCC3)cc2)cc1,0.001019519,0.001019519,0.001019519,positive
pos192,O=C(Nc1ccc(N2CCOCC2)cc1)c1ccco1,0.001018288,0.001018288,0.001018288,positive
pos193,O=C1NC(=S)SC1=Cc1cn(-c2ccccc2)nc1-c1ccco1,0.001017815,0.001017815,0.001017815,positive
pos194,O=C(NNC(=S)NC(=O)c1cccs1)c1ccccc1,0.00101724,0.00101724,0.00101724,positive
pos195,O=C1CCC(c2ccc(OCCCCn3nc(-c4cccn5nccc45)ccc3=O)cc2)=NN1,0.001015807,0.001015807,0.001015807,positive
pos196,O=C1CCC(=O)C1=O,0.00101268,0.00101268,0.00101268,positive
pos197,O=C1NC(=O)N(c2ccccc2)C(=O)C1=Cc1c[nH]c2ccccc12,0.001009586,0.001009586,0.001009586,positive
pos198,c1ccc(CN2C3CNCC2C3c2ccccc2)cc1,0.001009135,0.001009135,0.001009135,positive
pos199,O=C(N1CCCCCC1)n1ccc(=O)o1,0.001009028,0.001009028,0.001009028,positive
pos200,O=C1C(=Cc2ccccc2)C=NN1c1nc(-c2ccccc2)cs1,0.001006983,0.001006983,0.001006983,positive
pos201,c1ccc(Sc2nnnn2-c2ccccc2)cc1,0.001004558,0.001004558,0.001004558,positive
pos202,O=C(Cc1ccccc1)OC1CCC2C(=O)C=CC3CC3CCC3(CO3)CC12,0.001003474,0.001003474,0.001003474,positive
pos203,O=C(C=Cc1ccco1)N=C(Cc1ccccc1)C(=O)NCCc1nc2ccccc2[nH]1,0.001002196,0.001002196,0.001002196,positive
pos204,O=C(CCc1ccccc1)NC(=S)N=NC(=O)c1ccn[nH]1,0.0009958,0.0009958,0.0009958,positive
pos205,O=C(C=Cc1ccccc1)NC(=S)Nc1ccc(CN2CCOCC2)cc1,0.000994894,0.000994894,0.000994894,positive
pos206,C1CC2CC3C(CCC24CCC1C4)CC1OC13,0.000993419,0.000993419,0.000993419,positive
pos207,O=C(NCc1cc[nH]c(=O)c1)c1cnc2ccccc2c1,0.000993044,0.000993044,0.000993044,positive
pos208,O=C(N1CC=CC1)n1ccc(=O)o1,0.000991301,0.000991301,0.000991301,positive
pos209,c1ccc(C2(OCc3ccc(-c4ccc5c(c4)OCO5)cc3)CNC2)cc1,0.0009908,0.0009908,0.0009908,positive
pos210,O=C(Nc1cnc2ccccc2c1)C1CCN(S(=O)(=O)c2ccccc2)CC1,0.000985057,0.000985057,0.000985057,positive
pos211,O=C1NCCC12CCN(c1ccnc(Nc3ccccc3)n1)CC2,0.000984923,0.000984923,0.000984923,positive
pos212,O=C(N1CCCCC1)n1nc(-c2ccccc2)nc1SCC1CC1,0.000978052,0.000978052,0.000978052,positive
pos213,O=c1ccn(-c2ccc3c(c2)CCC3)c2nc(Nc3ccc(CCN4CCNCC4)cc3)ncc12,0.000972875,0.000972875,0.000972875,positive
pos214,N=C(N=c1nccc[nH]1)Nc1ccc(-c2ccccc2)cc1,0.000972226,0.000972226,0.000972226,positive
pos215,O=C1C=CC(CCC=CCCC=CCCC2=CC(=O)OC2)CC1,0.000971862,0.000971862,0.000971862,positive
pos216,O=C(Nc1ccnn1-c1ccccc1)NC1CCC(Oc2ccc3nncn3c2)CC1,0.000971338,0.000971338,0.000971338,positive
pos217,O=C1CCOc2cc3ccccc3cc21,0.000969518,0.000969518,0.000969518,positive
pos218,O=C(COC(=O)c1ccccc1C(=O)c1ccccc1)Nc1ccccc1,0.000968803,0.000968803,0.000968803,positive
pos219,O=C(CC(=Cc1ccccc1)c1nc2ccccc2s1)Nc1ccc(N2CCOCC2)cc1,0.000961992,0.000961992,0.000961992,positive
pos220,O=C(Nc1ccc(N2CCNCC2)cc1)c1ccco1,0.000959198,0.000959198,0.000959198,positive
pos221,O=C1OCC(Cc2ccc3c(c2)CCO3)C1c1ccccc1,0.000959011,0.000959011,0.000959011,positive
pos222,c1ccc(-c2ccc3cc[nH]c3c2)cc1,0.000957255,0.000957255,0.000957255,positive
pos223,c1coc(C2=NCCc3ccccc32)c1,0.000956452,0.000956452,0.000956452,positive
pos224,C(=NNC1=NCCN1)c1ccccc1,0.000953403,0.000953403,0.000953403,positive
pos225,O=S(=O)(c1ccccc1)N1CC(c2ccc(C#CC3CCCC3)cc2)C1,0.000951742,0.000951742,0.000951742,positive
pos226,c1cc(N2CCOCC2)c2nsnc2c1,0.000950787,0.000950787,0.000950787,positive
pos227,O=C(Cc1ccccc1)NNC(=S)NC(=O)c1ccccc1,0.000950249,0.000950249,0.000950249,positive
pos228,O=C(C1CCCC1)N1CC2NC(C1)C2c1ccc(C=Cc2ccccc2)cc1,0.000949021,0.000949021,0.000949021,positive
pos229,O=C(Cc1cccc(C(=O)c2ccccc2)c1)NCCOc1ccccc1,0.000936169,0.000936169,0.000936169,positive
pos230,O=C1C2CC=CCC2C(c2ccccc2)=NN1Cc1cccc(CN2CCOCC2)c1,0.000935907,0.000935907,0.000935907,positive
pos231,O=C1NC(=S)SC1=CC=C1Nc2c(ccc3ccccc23)S1,0.000934707,0.000934707,0.000934707,positive
pos232,O=C1C=CC2C(C=CC3C2CCC2C(c4ccoc4)OC(=O)C4OC432)C1,0.000933299,0.000933299,0.000933299,positive
pos233,N=C1C(=Cc2ccccc2)C(=O)N=C2Sc3ccccc3N12,0.000930661,0.000930661,0.000930661,positive
pos234,O=C1Nc2ccccc2C1=Cc1ccco1,0.000925897,0.000925897,0.000925897,positive
pos235,O=C1c2ccc(Nc3ccccc3)cc2CCc2ccc(OCCN3CCOCC3)cc21,0.000925716,0.000925716,0.000925716,positive
pos236,C1=Cc2ncncc2N(Cc2ccccc2)c2ccccc21,0.000924606,0.000924606,0.000924606,positive
pos237,O=c1c2ccccc2ccc2cc(Nc3ccccc3)ccc12,0.000924465,0.000924465,0.000924465,positive
pos238,O=C(Cn1ncccc1=O)Nc1cccc(S(=O)(=O)N2CCOCC2)c1,0.00092304,0.00092304,0.00092304,positive
pos239,O=C1NC(=O)N(c2ccccc2)C(=O)C1=Cc1cccn1-c1ccccc1,0.000922857,0.000922857,0.000922857,positive
pos240,O=C(CC1CCCc2ccccc21)c1ccoc1,0.000917558,0.000917558,0.000917558,positive
pos241,C=C1CCC2C(CC3C(=O)OC4C5CC=CCC5CCC34)C(=O)OC2C2C(=C)CCC12,0.000915749,0.000915749,0.000915749,positive
pos242,O=C(Nc1cc(-c2ccccc2)cs1)c1ccccc1,0.000911467,0.000911467,0.000911467,positive
pos243,O=C(Cc1cccc(C(=O)c2ccccc2)c1)NCCCCOc1ccccc1,0.000909252,0.000909252,0.000909252,positive
pos244,O=C(N1CCCc2ccccc21)n1ccc(=O)o1,0.000908452,0.000908452,0.000908452,positive
pos245,c1ccc(N=Nc2cccc3ccccc23)cc1,0.00090557,0.00090557,0.00090557,positive
pos246,O=C1C(=O)c2ccccc2C2=C1CCCO2,0.000904135,0.000904135,0.000904135,positive
pos247,O=C(C1CCC1)N1CCC2CNc3ccc(-c4ccccc4)cc3C21,0.000903164,0.000903164,0.000903164,positive
pos248,O=C(Nc1ccccc1)N1CCCCN2CC(c3ccc(C=Cc4ccccc4)cc3)C2C1,0.0009031,0.0009031,0.0009031,positive
pos249,O=C(NN=Cc1ccccc1)c1cc2c(ccc3ccccc32)o1,0.000899497,0.000899497,0.000899497,positive
pos250,O=C(CCc1ccccc1)NC(=S)N=NC(=O)c1conc1-c1ccccc1,0.000898703,0.000898703,0.000898703,positive
pos251,O=P(NC(C=CCO[SiH](c1ccccc1)c1ccccc1)c1ccccc1)(c1ccccc1)c1ccccc1,0.000896999,0.000896999,0.000896999,positive
pos252,O=C1Nc2cc(C(=O)N3CCC4(CC3)OCCO4)ccc2NC1CSCc1ccccc1,0.000895859,0.000895859,0.000895859,positive
pos253,O=S(=O)(c1ccccc1)N1C2CNCC1C2c1ccc(C=Cc2ccccc2)cc1,0.000895055,0.000895055,0.000895055,positive
pos254,S=C(NCc1ccccc1)Nc1ccccc1,0.000892817,0.000892817,0.000892817,positive
pos255,c1ccc(-c2ccc(COC3(c4cccnc4)CNC3)cc2)cc1,0.000892555,0.000892555,0.000892555,positive
pos256,c1cc(CCc2cc[nH+]cc2)cc(OCC2CC2)c1,0.000889229,0.000889229,0.000889229,positive
pos257,O=C1C=CC2CCCC3C=C(c4ccoc4)C1=C23,0.0008872,0.0008872,0.0008872,positive
pos258,c1ccc2sc(Oc3ccc(OCCN4CCCC4)cc3)nc2c1,0.000886446,0.000886446,0.000886446,positive
pos259,O=C(c1ccccc1)N1CCSC1=NCc1ccccc1,0.000886042,0.000886042,0.000886042,positive
pos260,O=c1ccc2cc3c(cc2o1)OCC3,0.000877495,0.000877495,0.000877495,positive
pos261,O=C(Nc1ccccc1)C1=C(N2CCOCC2)C(=Cc2ccccc2)CC1,0.000876252,0.000876252,0.000876252,positive
pos262,O=C1C(=Cc2ccccc2)SC(=Nc2ccccc2)N1CCc1c[nH]c2ccccc12,0.000873363,0.000873363,0.000873363,positive
pos263,c1ccc(-c2ccc(COCC3CNC3)cc2)cc1,0.00087212,0.00087212,0.00087212,positive
pos264,O=C(Nc1cccc(C(Cc2ccncc2)c2cccc(OC3CCCC3)c2)c1)N1CCCC1,0.00087099,0.00087099,0.00087099,positive
pos265,c1ccc(-c2ccc(-c3nc[nH]n3)cc2)cc1,0.000863257,0.000863257,0.000863257,positive
pos266,C(=Cc1cnc2ccccc2n1)c1ccc2c(c1)OCO2,0.000862773,0.000862773,0.000862773,positive
pos267,O=C(Nc1ccccc1)N1CC2NC(C1)C2c1ccc(-c2ccccc2)cc1,0.000861923,0.000861923,0.000861923,positive
pos268,S=c1c2ccccc2[nH]c2ccccc12,0.00085837,0.00085837,0.00085837,positive
pos269,C(=NNc1nnc[nH]1)c1ccc(-c2ccccc2)o1,0.000858183,0.000858183,0.000858183,positive
pos270,C=C1C(=O)OC2CC3CCCCC3=CC12,0.000853225,0.000853225,0.000853225,positive
pos271,O=C(Nc1ccc2c(c1)oc1ccccc12)c1ccccc1,0.000852589,0.000852589,0.000852589,positive
pos272,O=c1ccn(C2CC3CCC2C3)c2nc(Nc3ccc(N4CCNCC4)cc3)ncc12,0.000851267,0.000851267,0.000851267,positive
pos273,O=C(Nc1ccc(C(Cc2ccncc2)c2cccc(OC3CCCC3)c2)cc1)N1CCCC1,0.000849103,0.000849103,0.000849103,positive
pos274,c1ccc2cc3c(cc2c1)O3,0.000848568,0.000848568,0.000848568,positive
pos275,O=C(Nc1ccccc1)N(CCN1CCCCC1)c1ccc2ncsc2c1,0.000846659,0.000846659,0.000846659,positive
pos276,C(=Cc1ccccc1)C1=NCCCS1,0.000845695,0.000845695,0.000845695,positive
pos277,c1ccc(CCN=c2cnn(-c3ccccc3)[nH]2)cc1,0.00084128,0.00084128,0.00084128,positive
pos278,c1ccc(CNc2ncnc3ccc(-c4ccccc4)cc23)cc1,0.000836773,0.000836773,0.000836773,positive
pos279,O=C1NCCC12CCN(c1ccnc(Nc3cn[nH]c3)n1)CC2,0.000836572,0.000836572,0.000836572,positive
pos280,O=C1N(c2ccccc2)CC2CC(c3cccs3)N3CCCC123,0.000834634,0.000834634,0.000834634,positive
pos281,O=C1Cc2cc(NC(=O)Cc3c[nH]c4ccccc34)ccc2OC(CNCc2ccccc2)CCN1,0.000833252,0.000833252,0.000833252,positive
pos282,O=C(Nc1ccccc1)c1cc(-c2ccccc2)nc2ccccc12,0.000830655,0.000830655,0.000830655,positive
pos283,O=C(Nc1nc2cc3c(cc2s1)OCCO3)c1ccco1,0.000827158,0.000827158,0.000827158,positive
pos284,O=C1C2CCC2C(c2ccccc2)=NN1Cc1ccc(CN2CCOCC2)cc1,0.000822375,0.000822375,0.000822375,positive
pos285,O=C(Nc1ccccc1)N1CC(c2ccc(C#CC3CCCC3)cc2)C1,0.000819265,0.000819265,0.000819265,positive
pos286,O=C(Nc1ccccc1)N1CC(c2ccc(C#CC3CCCCC3)cc2)C1,0.000819265,0.000819265,0.000819265,positive
pos287,O=C(NC(=S)NNC(=O)c1conc1-c1ccccc1)c1ccccc1,0.000809281,0.000809281,0.000809281,positive
pos288,O=C(NCCc1c[nH]c2ccccc12)c1cnc(Nc2cccc(=O)[nH]2)nc1,0.000806019,0.000806019,0.000806019,positive
pos289,O=C(NC1CCC1)c1cnc2ccccc2c1,0.000805798,0.000805798,0.000805798,positive
pos290,O=C(Nc1cccc(Nc2ccc3c(c2)CCc2ccccc2C3=O)c1)c1ccccc1,0.000802832,0.000802832,0.000802832,positive
pos291,O=C1OC(c2ccccc2)OC(=O)C1=Cc1ccccc1,0.000799946,0.000799946,0.000799946,positive
pos292,O=C(CCN1C(=O)C(=Cc2ccccc2)SC1=S)N1CCCCC1,0.000795054,0.000795054,0.000795054,positive
pos293,O=C(Nc1nc(-c2ccccc2)cs1)c1ccc2c(c1)S(=O)(=O)c1ccccc1C2=O,0.000794867,0.000794867,0.000794867,positive
pos294,O=C(NCc1ccc2c(c1)OCO2)c1ccnc(S(=O)(=O)Cc2ccccc2)n1,0.000787963,0.000787963,0.000787963,positive
pos295,S=C(NCCC(c1ccccc1)c1ccccc1)Nc1ccccc1,0.000787045,0.000787045,0.000787045,positive
pos296,O=C(Cc1cccc(C(=O)c2ccccc2)c1)NCCc1ccccc1,0.00078695,0.00078695,0.00078695,positive
pos297,O=c1ccn(C2CCCCC2)c2nc(Nc3ccc(N4CCNCC4)cc3)ncc12,0.000786259,0.000786259,0.000786259,positive
pos298,O=C(NC1CN(Oc2ccc(-c3ccccc3)cc2)C1=O)OCCCCC1CCCCC1,0.000785196,0.000785196,0.000785196,positive
pos299,O=c1[nH]ccn1CCc1cccc(OC2CCCC2)c1,0.000784035,0.000784035,0.000784035,positive
pos300,O=C(CN1C(=O)C(=C2SC(=S)NC2=O)c2ccccc21)Nc1ccccc1,0.000783957,0.000783957,0.000783957,positive
pos301,O=C(Nc1ccccc1)c1cccc(Nc2ccc3c(c2)CCc2ccccc2C3=O)c1,0.000783269,0.000783269,0.000783269,positive
pos302,C1=CCCC=CCCCCC=CCC1,0.000781732,0.000781732,0.000781732,positive
pos303,O=C(N=C1C(=O)c2ccccc2C(=O)C1NC1CCS(=O)(=O)C1)c1ccccc1,0.000778517,0.000778517,0.000778517,positive
pos304,O=C(NNc1ccccc1)C(c1ccccc1)c1ccccc1,0.000777801,0.000777801,0.000777801,positive
pos305,c1ccc(C2=NOC3(CCNC3)C2)cc1,0.000777071,0.000777071,0.000777071,positive
pos306,O=C1NCCC1C#Cc1cccc(-c2c[nH]c3cncnc23)c1,0.00077641,0.00077641,0.00077641,positive
pos307,O=C1C(=Cc2ccccc2)SC(=S)N1Cc1cccnc1,0.000775523,0.000775523,0.000775523,positive
pos308,c1ccc(-c2cccc3c2CCCC3)cc1,0.000775308,0.000775308,0.000775308,positive
pos309,O=C(CN1C(=O)SC(=Cc2ccccc2)C1=O)Nc1ccccc1,0.000771908,0.000771908,0.000771908,positive
pos310,O=C(NC(=S)NNC(=O)c1conc1-c1ccccc1)c1ccc2c(c1)OCO2,0.000770957,0.000770957,0.000770957,positive
pos311,O=C1CCc2ccc(OC3CCCCC3)cc21,0.000770278,0.000770278,0.000770278,positive
pos312,O=C1CC(=Nc2ccccc2)SC1=Cc1c[nH]c2ccccc12,0.00076769,0.00076769,0.00076769,positive
pos313,O=C(NC1CCCCC1)C(Nc1ccccc1)c1ccccc1,0.000767148,0.000767148,0.000767148,positive
pos314,O=C(COc1ccc(C=NNC(=O)c2cc3ccccc3o2)cc1)Nc1ccccc1,0.00076278,0.00076278,0.00076278,positive
pos315,O=C(CC=Nc1ccccc1)c1ccccc1,0.000761827,0.000761827,0.000761827,positive
pos316,O=C(C=Cc1ccccc1)N(c1ccccn1)C1CCCCC1,0.00076067,0.00076067,0.00076067,positive
pos317,O=c1cc[nH]c2c1sc1nc(-c3ccccc3)ccc12,0.000759089,0.000759089,0.000759089,positive
pos318,c1cc(CN2CCNCC2)cc(Cn2cccn2)c1,0.00075871,0.00075871,0.00075871,positive
pos319,O=C1NC(=S)SC1=Cc1ccncc1,0.000757881,0.000757881,0.000757881,positive
pos320,O=C(NC1CCCCC1)c1cnc2ccccc2c1,0.000751363,0.000751363,0.000751363,positive
pos321,O=C(C=Cc1ccccc1)N1CCOCC1,0.000751131,0.000751131,0.000751131,positive
pos322,c1ccc(CNc2ccc3c(c2)OCO3)cc1,0.000750574,0.000750574,0.000750574,positive
pos323,N=C1CC(=O)c2ccc(-c3cc(-c4ccccc4)ccn3)nc2C1=O,0.0007493,0.0007493,0.0007493,positive
pos324,O=C1NC(=O)C(=Cc2ccccc2OS(=O)(=O)c2ccccc2)S1,0.000747485,0.000747485,0.000747485,positive
pos325,O=C(C=C=Nc1ccccc1)C(=O)N=C=Cc1ccccc1,0.000744244,0.000744244,0.000744244,positive
pos326,O=C(Cc1ccc2ccccc2c1)NCCCOc1ccccc1,0.000742979,0.000742979,0.000742979,positive
pos327,O=C(Cc1ccccc1)NCCCCOc1ccccc1,0.000741748,0.000741748,0.000741748,positive
pos328,O=C(Cc1ccccc1)N1CCC2CNc3ccc(-c4ccccc4)cc3C21,0.000738072,0.000738072,0.000738072,positive
pos329,O=C1OC(c2ccc3ccccc3c2)=NC1=Cc1ccccc1,0.000737948,0.000737948,0.000737948,positive
pos330,O=C1C(=Nc2ccccc2)CC(=NS(=O)(=O)c2cccs2)c2ccccc21,0.000737519,0.000737519,0.000737519,positive
pos331,O=C(COc1ccccc1)NNC(=S)NC(=O)c1cccs1,0.000735092,0.000735092,0.000735092,positive
pos332,S=C(Nc1cccc2ccccc12)C(=Cc1ccc2c(c1)OCCO2)[n+]1ccccc1,0.000733073,0.000733073,0.000733073,positive
pos333,O=C(NCCc1ccccc1)c1ccc(-c2ccccc2)cc1,0.000732534,0.000732534,0.000732534,positive
pos334,c1ccc(NCCNc2ccccn2)nc1,0.000732486,0.000732486,0.000732486,positive
pos335,O=c1ccoc2cc3occc3cc12,0.000731943,0.000731943,0.000731943,positive
pos336,O=C1Cc2cc(NS(=O)(=O)c3cccs3)ccc2OC(CNCc2ccccc2)CCN1,0.000727652,0.000727652,0.000727652,positive
pos337,O=C(CSc1nc2ccccc2s1)c1ccccc1,0.000725043,0.000725043,0.000725043,positive
pos338,S=C1NCCC(c2ccccc2)N1,0.000723731,0.000723731,0.000723731,positive
pos339,O=C(CNC(=O)c1ccccc1)NN=Cc1ccco1,0.000722026,0.000722026,0.000722026,positive
pos340,O=C(Cc1ccc2ccccc2c1)NCCCCOc1ccccc1,0.00072104,0.00072104,0.00072104,positive
pos341,N=C1C(=Cc2cccn2Cc2ccccc2)C(=O)N=C2SC=CN12,0.000720952,0.000720952,0.000720952,positive
pos342,O=C1COc2ccc(C(=O)C=Cc3ccccc3)cc2N1,0.000719779,0.000719779,0.000719779,positive
pos343,O=S(=O)(c1ccccc1)n1ccc2ccccc21,0.000715745,0.000715745,0.000715745,positive
pos344,O=C1NC(=O)C(=Cc2cn(-c3ccccc3)nc2-c2ccccc2)S1,0.000707553,0.000707553,0.000707553,positive
pos345,O=C1C2CC2C(c2ccccc2)=NN1Cc1ccc(CN2CCOCC2)cc1,0.000706794,0.000706794,0.000706794,positive
pos346,O=C1NC(c2ccccc2)C(=O)N1N=Cc1ccccc1,0.000702839,0.000702839,0.000702839,positive
pos347,O=C1C(=Cc2ccccc2)CN(Cc2ccccc2)CC1=Cc1ccccc1,0.000701414,0.000701414,0.000701414,positive
pos348,O=C1CNC(=O)CNC(=O)C(Cc2ccccc2)NC(=O)CNC(=O)CNC(=O)C(Cc2ccccc2)NC(=O)CSCCN1,0.000695495,0.000695495,0.000695495,positive
pos349,O=C1N=C(c2ccccc2)SC1=Cc1cccc(Oc2ccccc2)c1,0.000693296,0.000693296,0.000693296,positive
pos350,O=C(Cc1ccccc1)Nc1ccc(Oc2cccc(-n3cnnc3)c2)cc1,0.000692262,0.000692262,0.000692262,positive
pos351,O=C1NC(=O)C2(CCN(c3ccnc(Nc4cn[nH]c4)n3)CC2)N1,0.000691397,0.000691397,0.000691397,positive
pos352,O=C1CCCN1C1CCN(CCc2ccc(Oc3nc4ccccc4s3)cc2)CC1,0.000690983,0.000690983,0.000690983,positive
pos353,O=C(CC(=S)Nc1ccccc1)Nc1ccccc1,0.000690042,0.000690042,0.000690042,positive
pos354,c1cc(N2C3CCC2COC3)nc(Nc2cn[nH]c2)n1,0.000688164,0.000688164,0.000688164,positive
pos355,O=C1NC(c2ccccc2)N=C2Sc3ccccc3N12,0.000686747,0.000686747,0.000686747,positive
pos356,c1ccc2cc3ccccc3cc2c1,0.000685245,0.000685245,0.000685245,positive
pos357,O=C(Nc1ccc2n[nH]cc2c1)c1ccccn1,0.00068316,0.00068316,0.00068316,positive
pos358,O=c1nc(NN=Cc2ccccc2)[nH]nc1Cc1ccccc1,0.000680388,0.000680388,0.000680388,positive
pos359,O=C1CCC(c2ccccc2)=NN1Cc1ccc(CN2CCOCC2)cc1,0.000679439,0.000679439,0.000679439,positive
pos360,O=C1C=C2C(=CC(=O)C3C4C(=O)COC5OC(=O)C(CC3C23CO3)C54)CO1,0.000673758,0.000673758,0.000673758,positive
pos361,O=C1C(=NS(=O)(=O)c2cccs2)C([n+]2ccccc2)=Cc2ccccc21,0.000672315,0.000672315,0.000672315,positive
pos362,O=C(NC1CC1)C1CCN(S(=O)(=O)c2ccccc2)CC1,0.000669409,0.000669409,0.000669409,positive
pos363,O=c1c(C=NOCc2ccccc2)c[nH]n1-c1ccccn1,0.000669235,0.000669235,0.000669235,positive
pos364,O=c1[nH]c2ccccc2nc1-c1ccccc1,0.000666824,0.000666824,0.000666824,positive
pos365,O=S(=O)(NCCc1c[nH]c2ccccc12)c1ccccc1,0.000666377,0.000666377,0.000666377,positive
pos366,c1ccc2c(c1)OCC1c3cc4c(cc3OC21)OCO4,0.000666099,0.000666099,0.000666099,positive
pos367,O=C(NNC(=O)c1nn(-c2ccccc2)ccc1=O)c1ccccc1,0.000665156,0.000665156,0.000665156,positive
pos368,C(#Cc1ccc(-c2c[nH]c(-c3ccccc3)n2)cn1)c1ccccc1,0.000661539,0.000661539,0.000661539,positive
pos369,O=C(NC1CCNCC1)c1ccc(-c2ccccc2)nc1,0.000659623,0.000659623,0.000659623,positive
pos370,c1ccc(CCCCCCCc2ccccc2)cc1,0.000657377,0.000657377,0.000657377,positive
pos371,O=S(=O)(C=Cc1ccccc1)Nc1ccccc1,0.000656256,0.000656256,0.000656256,positive
pos372,O=C1C(=O)c2c(ccc3ccccc23)C2=C1CCO2,0.000656255,0.000656255,0.000656255,positive
pos373,c1ccc2sc(Oc3ccc(CCN4CCCCC4)cc3)nc2c1,0.00065612,0.00065612,0.00065612,positive
pos374,O=C(Oc1csc2c1c(=O)n(-c1ccccc1)c(=S)n2-c1ccccc1)c1ccccc1,0.000654875,0.000654875,0.000654875,positive
pos375,O=C1NC(=S)SC1=CC=C1Cc2ccccc2N1,0.000654189,0.000654189,0.000654189,positive
pos376,O=C1NC(=O)C(=Cc2ccccc2OCc2ccccc2)S1,0.000652516,0.000652516,0.000652516,positive
pos377,c1ccc(CNc2nccs2)cc1,0.000648742,0.000648742,0.000648742,positive
pos378,O=C(CCS(=O)(=O)c1ccccc1)Nc1nnc(-c2ccccc2)o1,0.000646463,0.000646463,0.000646463,positive
pos379,O=C1CNC(=O)CNC(=O)CNC(=O)CNC(=O)CNC(=O)C2CCCN2C(=O)CNC(=O)C(Cc2cccnc2)NC(=O)CNC(=O)CNC(=O)C(Cc2ccccc2)NC(=O)CSCCN1,0.000645567,0.000645567,0.000645567,positive
pos380,O=C1c2ccccc2S(=O)(=O)c2cc(C(=O)N(c3ccccn3)c3ccccn3)ccc21,0.000643663,0.000643663,0.000643663,positive
pos381,C1=Cc2ccncc2N(Cc2ccccc2)c2ccccc21,0.000643156,0.000643156,0.000643156,positive
pos382,O=C(Nc1ccncc1)c1cnn2ccccc12,0.00064028,0.00064028,0.00064028,positive
pos383,c1ccc2ccccc2c1,0.000638884,0.000638884,0.000638884,positive
pos384,O=C(Cc1ccncc1)c1ccccc1OCc1ccccc1,0.000638643,0.000638643,0.000638643,positive
pos385,O=S(=O)(c1ccccc1)c1ccccn1,0.000638476,0.000638476,0.000638476,positive
pos386,C=c1ccc2occ3ccc(=O)cc3c12,0.000637969,0.000637969,0.000637969,positive
pos387,O=C(C=Cc1ccccc1)c1cnc2ccccn12,0.000637082,0.000637082,0.000637082,positive
pos388,O=C1NC(=O)N(Cc2ccccc2)C(=O)C1=Cc1ccc[nH]1,0.000635914,0.000635914,0.000635914,positive
pos389,O=c1nc2n(-c3ccccc3)c3ccccc3cc-2c(=O)[nH]1,0.000635721,0.000635721,0.000635721,positive
pos390,c1ccc(N=Nc2nc(-c3ccccc3)c(-c3ccccc3)[nH]2)cc1,0.000634839,0.000634839,0.000634839,positive
pos391,O=C1CC(c2ccc(OCCCCN3N=C(c4cccc5ncsc45)CC3=O)cc2)=NN1,0.000634407,0.000634407,0.000634407,positive
pos392,O=c1c2ccccc2n(Cc2ccccc2)c(=O)n1CCc1ccccc1,0.000633589,0.000633589,0.000633589,positive
pos393,O=C1C(=Cc2ccccc2)CCCC1=Cc1ccccc1,0.000633021,0.000633021,0.000633021,positive
pos394,N=C1C(=Cc2ccc(SCc3ccco3)o2)C(=O)N=C2SC=NN12,0.000632678,0.000632678,0.000632678,positive
pos395,O=C(Cc1cccs1)NNC(=S)NC(=O)c1ccccc1,0.00063114,0.00063114,0.00063114,positive
pos396,c1ccc(CCc2ccccc2)cc1,0.000630985,0.000630985,0.000630985,positive
pos397,O=C(NCCc1c[nH]c2ccccc12)c1cnc(Nc2ccccn2)nc1,0.000630142,0.000630142,0.000630142,positive
pos398,S=c1[nH]c2ccccc2o1,0.000628174,0.000628174,0.000628174,positive
pos399,O=C1OCc2ccccc21,0.000627588,0.000627588,0.000627588,positive
pos400,c1ccc(Nc2nccc(-c3ccccc3)n2)cc1,0.000624483,0.000624483,0.000624483,positive
pos401,C=c1ccc(=c2[nH]c(=CNc3cnc4ccccc4c3)c(=O)o2)cc1,0.000624468,0.000624468,0.000624468,positive
pos402,C=c1c(=Cc2c[nH]c(=S)[nH]c2=O)ccn1C1CCCCC1,0.000622433,0.000622433,0.000622433,positive
pos403,O=C(Nc1ccc(S(=O)(=O)Nc2ccno2)cc1)c1cc(-c2ccccc2)nc2ccccc12,0.000622252,0.000622252,0.000622252,positive
pos404,O=S(=O)(c1ccccc1)c1ccccc1,0.00062033,0.00062033,0.00062033,positive
pos405,C=c1ccc(=Cc2ccccc2)[nH]1,0.000618077,0.000618077,0.000618077,positive
pos406,O=c1ccc2cccc(C=CCCCc3cccc4ccc(=O)oc34)c2o1,0.000616825,0.000616825,0.000616825,positive
pos407,O=C(CCc1ccccc1)Nc1ccc(C2=NC(=O)C(=Cc3ccccc3)S2)cc1,0.000616365,0.000616365,0.000616365,positive
pos408,c1ccc(-n2cnc3ccccc32)nc1,0.000612791,0.000612791,0.000612791,positive
pos409,O=C(C=Cc1ccc2c(c1)OCO2)Nc1nc2ccccc2s1,0.000609847,0.000609847,0.000609847,positive
pos410,O=C(c1ccccn1)N1CC(c2ccccc2)C1,0.000601175,0.000601175,0.000601175,positive
pos411,c1ccc(C2COC(c3ccccc3)C2)cc1,0.000600447,0.000600447,0.000600447,positive
pos412,O=C1C(=Cc2ccccc2)SC(=S)N1N1CCOCC1,0.000599675,0.000599675,0.000599675,positive
pos413,O=c1ccc2nc3ccccc3oc-2c1,0.000599211,0.000599211,0.000599211,positive
pos414,O=C(NC1CNC1=O)OCc1ccc(-c2cccnc2)cc1,0.000599129,0.000599129,0.000599129,positive
pos415,O=C(NCc1ccco1)n1ccc(=O)o1,0.000595402,0.000595402,0.000595402,positive
pos416,O=C(Cc1ccc2c(c1)OCO2)NN=Cc1ccco1,0.000593499,0.000593499,0.000593499,positive
pos417,C(#CC1CCCC1)c1cccc(-c2c[nH]c3cncnc23)c1,0.000588015,0.000588015,0.000588015,positive
pos418,O=C1CCCC(=O)C1C(c1ccccc1)C1C(=O)CCCC1=O,0.000587127,0.000587127,0.000587127,positive
pos419,O=C(Nc1ccc(-c2nc(-c3ccccc3)cs2)cc1)C1CCN(S(=O)(=O)c2ccccc2)CC1,0.000586291,0.000586291,0.000586291,positive
pos420,O=C1NC(=S)SC1=C1C(=O)N2CC=Cc3cccc1c32,0.000582129,0.000582129,0.000582129,positive
pos421,O=c1cc[nH]c2nc(Nc3ccccc3)sc12,0.000581592,0.000581592,0.000581592,positive
pos422,O=C(Nc1ccccc1)Nc1nnc(COc2ccccc2)s1,0.000580264,0.000580264,0.000580264,positive
pos423,O=C(Nc1ccncc1NC(=O)c1ccccc1)c1ccccc1,0.000578353,0.000578353,0.000578353,positive
pos424,O=C(Nc1ccccc1)Nc1ccc2c(c1)OCO2,0.000576137,0.000576137,0.000576137,positive
pos425,O=C(NC1=NC(=Nc2c[nH]n(-c3ccccc3)c2=O)c2ccccc21)Nc1ccccc1,0.000576088,0.000576088,0.000576088,positive
pos426,O=C(C=Cc1ccccc1)c1c2c(c[nH]c1=O)CCCC2,0.000573425,0.000573425,0.000573425,positive
pos427,C=c1ccsc1=Cc1c[nH]n(-c2ccccc2)c1=O,0.000573381,0.000573381,0.000573381,positive
pos428,N=c1ccn(-c2cccc3ccccc23)c2ccccc12,0.000571968,0.000571968,0.000571968,positive
pos429,C(=NN=C1Nc2cccc3cccc1c23)c1ccccn1,0.000571765,0.000571765,0.000571765,positive
pos430,C1=Nc2ccccc2Cc2ccccc21,0.000571687,0.000571687,0.000571687,positive
pos431,c1ccc(CCNc2nc(-c3cccnc3)nc3ccccc23)cc1,0.000569493,0.000569493,0.000569493,positive
pos432,O=c1[nH]c2cnc3cc(-c4cnoc4)ccc3c2n1Cc1ccccn1,0.000569035,0.000569035,0.000569035,positive
pos433,c1ccc(COc2cccnc2)cc1,0.000568634,0.000568634,0.000568634,positive
pos434,O=C(Nc1ccccc1)N1CCC2(CC1)CN(C(=O)Nc1ccccc1)Cc1[nH]c3ccccc3c12,0.000567673,0.000567673,0.000567673,positive
pos435,O=C(NC1CCCCCCC1)C1CCN(S(=O)(=O)c2ccccc2)CC1,0.000566952,0.000566952,0.000566952,positive
pos436,c1ccc2c(c1)OC1CCC3COC2C1C3,0.000566667,0.000566667,0.000566667,positive
pos437,O=C(COC(=O)C=Cc1cn(-c2ccccc2)nc1-c1ccccc1)Nc1ccccc1,0.000563514,0.000563514,0.000563514,positive
pos438,O=C(NN1C(=O)C(=Cc2nc3ccccc3[nH]2)SC1=S)c1ccccc1,0.000561359,0.000561359,0.000561359,positive
pos439,O=C(NN=Cc1cnn(-c2ccccc2)c1)c1cc(-c2cccs2)n[nH]1,0.000561213,0.000561213,0.000561213,positive
pos440,O=C(c1cccs1)N1CCOCC1,0.000559445,0.000559445,0.000559445,positive
pos441,O=c1[nH]c2ccc(S(=O)(=O)Nc3ccccc3)cc2[nH]c1=O,0.000559029,0.000559029,0.000559029,positive
pos442,O=C(c1ccc(S(=O)(=O)c2ccccc2)cc1)N1CCN(c2ccccn2)CC1,0.000558805,0.000558805,0.000558805,positive
pos443,c1ccc(CNc2nccc(Cc3nc4ccccc4s3)n2)cc1,0.000557799,0.000557799,0.000557799,positive
pos444,c1nc(-c2cnn(C3CNC3)c2)c2cc[nH]c2n1,0.000557718,0.000557718,0.000557718,positive
pos445,O=C(CN1C(=O)SC(=Cc2ccccc2)C1=O)NC1CCS(=O)(=O)C1,0.000557233,0.000557233,0.000557233,positive
pos446,C(=NNc1nc(-c2ccccc2)cs1)c1ccccn1,0.000553301,0.000553301,0.000553301,positive
pos447,c1ccc2nc3ccccc3cc2c1,0.000552415,0.000552415,0.000552415,positive
pos448,c1cncc(-c2cccc3[nH]ccc23)c1,0.000550008,0.000550008,0.000550008,positive
pos449,O=C(Nc1ccccc1)C(C=CCc1ccccc1)=NC(=O)c1ccccc1,0.000543952,0.000543952,0.000543952,positive
pos450,O=c1[nH]c(=O)c2c(=O)cc[nH]c2[nH]1,0.000543193,0.000543193,0.000543193,positive
pos451,O=C1CC(=O)C2C(CCC3C4=CCC5CCCCC5C4CCC32)C1,0.000540456,0.000540456,0.000540456,positive
pos452,c1ccc(-c2csc(Nc3ccnc(SCc4cccc5ccccc45)n3)n2)cc1,0.000538209,0.000538209,0.000538209,positive
pos453,O=C(CCN1C(=O)SC(=Cc2ccccc2)C1=O)Nc1ccc(S(=O)(=O)Nc2nccs2)cc1,0.000538198,0.000538198,0.000538198,positive
pos454,c1ccc(CSc2ncc3ccccc3n2)cc1,0.000537378,0.000537378,0.000537378,positive
pos455,O=C(C=Cc1ccccc1)Nc1ncc(C(=O)Nc2ccccc2)s1,0.000532381,0.000532381,0.000532381,positive
pos456,O=c1ccc2cc3c(cc2o1)OCC=C3,0.000530449,0.000530449,0.000530449,positive
pos457,O=C(Nc1ccccc1)Nc1cccs1,0.000530094,0.000530094,0.000530094,positive
pos458,O=C(C=Cc1ccccc1)Nc1nc[nH]n1,0.000527838,0.000527838,0.000527838,positive
pos459,c1ccc(CNc2cccc3[nH]cnc23)cc1,0.000526552,0.000526552,0.000526552,positive
pos460,O=C(NCc1ccccc1)c1cccnc1,0.000523469,0.000523469,0.000523469,positive
pos461,O=C1CCc2ccc(S(=O)(=O)c3ccccc3)cc21,0.000522422,0.000522422,0.000522422,positive
pos462,C(=NNc1nc2ccccc2s1)c1ccncn1,0.000522066,0.000522066,0.000522066,positive
pos463,O=C(CSc1ncnc2sccc12)Nc1cc(-c2ccccc2)cs1,0.000518605,0.000518605,0.000518605,positive
pos464,O=C(COC(=O)CCN1C(=O)c2ccccc2C1=O)Nc1ccccc1,0.00051829,0.00051829,0.00051829,positive
pos465,c1ccc2[nH]c(CN3CCCCC3)cc2c1,0.000517346,0.000517346,0.000517346,positive
pos466,O=C(C=NNc1ccccc1)c1cccs1,0.000515002,0.000515002,0.000515002,positive
pos467,N=C(Nc1ccccc1)SCc1ccccn1,0.000514168,0.000514168,0.000514168,positive
pos468,O=c1cc(CN2CCN(CC=Cc3ccccc3)CC2)c2ccccc2o1,0.000511488,0.000511488,0.000511488,positive
pos469,c1ccc(CCNc2nccc(Cc3nc4ccccc4s3)n2)nc1,0.000504584,0.000504584,0.000504584,positive
pos470,O=C(CNC(=O)CNC(=O)C1CSCC(=O)NC(Cc2ccccc2)C(=O)NCC(=O)NCC(=O)NC(Cc2ccccc2)C(=O)NCC(=O)NCC(=O)N1)NCC(=O)N1CCCC1,0.000503389,0.000503389,0.000503389,positive
pos471,N=C(Cc1ccccc1)NOC(=O)COc1ccc2ccccc2c1,0.000501991,0.000501991,0.000501991,positive
pos472,S=C(Nc1ccccc1)N1CCNCC1,0.000498272,0.000498272,0.000498272,positive
pos473,O=C(C=Cc1ccccc1)c1ccccn1,0.000497796,0.000497796,0.000497796,positive
pos474,O=c1cc2c3ccccc3n3c(=O)ccc([nH]1)c23,0.000494675,0.000494675,0.000494675,positive
pos475,O=C1CCc2ccc(Sc3nccs3)cc21,0.000494108,0.000494108,0.000494108,positive
pos476,c1ccc(Sc2cnnc(-c3ccccc3)n2)cc1,0.000489929,0.000489929,0.000489929,positive
pos477,O=C1Cc2cc(NS(=O)(=O)c3cnoc3)ccc2OC(CNCc2ccc(Oc3ccccc3)cc2)CCN1,0.000489584,0.000489584,0.000489584,positive
pos478,C1=C2c3ccccc3CCN2COC1,0.000487794,0.000487794,0.000487794,positive
pos479,C=C1CCC2C(CC3C(=O)OC4C=CCCC=CCCC43)C(=O)OC2C2C(=C)CCC12,0.000487337,0.000487337,0.000487337,positive
pos480,c1cc(-c2nnc(Sc3nccs3)[nH]2)[nH]n1,0.000486334,0.000486334,0.000486334,positive
pos481,O=c1nc[nH]cc1N=Nc1ccccc1,0.000483364,0.000483364,0.000483364,positive
pos482,O=C(NCc1ccccc1)NC12CC3CC(CC(C3)C1)C2,0.000483353,0.000483353,0.000483353,positive
pos483,c1ccc(OCc2ccccn2)cc1,0.000477978,0.000477978,0.000477978,positive
pos484,O=C(CN1C(=O)SC(=Cc2c[nH]c3ccccc23)C1=O)Nc1ccc2c(c1)OCO2,0.000476589,0.000476589,0.000476589,positive
pos485,c1ccc(N=c2oc3ccccc3cc2-c2nc3ccccc3[nH]2)cc1,0.00047521,0.00047521,0.00047521,positive
pos486,O=C1N=C(c2ccccc2)SC1=Cc1cc2ccccc2[nH]1,0.000473224,0.000473224,0.000473224,positive
pos487,O=C(Nc1cccc(NC(=O)c2ccc(-c3ccccc3)o2)c1)c1ccccc1,0.000472747,0.000472747,0.000472747,positive
pos488,C(=NNc1ccc2ccccc2n1)c1ccccc1,0.000472549,0.000472549,0.000472549,positive
pos489,O=c1ccc2ccccc2o1,0.00046703,0.00046703,0.00046703,positive
pos490,O=C1CCC(CCC2CCC3C4=CCCCC4CCC23)O1,0.00046142,0.00046142,0.00046142,positive
pos491,C1=CCC(C=Cc2nc3ccccc3[nH]2)CC1,0.000458855,0.000458855,0.000458855,positive
pos492,c1ccc(-c2cn3ccncc3n2)cc1,0.000457953,0.000457953,0.000457953,positive
pos493,O=S(=O)(c1ccc(OCCOc2ccccc2)cc1)N1CCCC1,0.000457698,0.000457698,0.000457698,positive
pos494,O=C(Nc1nc(-c2ccccc2)cs1)c1ccn[nH]1,0.000457367,0.000457367,0.000457367,positive
pos495,O=C(OCCCN1CCC(c2ccccc2)(c2ccccc2)CC1)C1C=NC=CC1c1ccccc1,0.000454017,0.000454017,0.000454017,positive
pos496,O=C(Nc1cccc(S(=O)(=O)N2CCOCC2)c1)c1cc(-c2ccco2)nc2ccccc12,0.000452602,0.000452602,0.000452602,positive
pos497,C1=NCc2ccccc2N1,0.000452198,0.000452198,0.000452198,positive
pos498,O=C(NCCC1CCOCC1)C1CCN(C(=O)NCc2ccccc2)CC1,0.000452008,0.000452008,0.000452008,positive
pos499,O=C(Oc1cccc2cccnc12)c1ccccc1,0.000450089,0.000450089,0.000450089,positive
pos500,O=C1C(=NS(=O)(=O)c2cccs2)C([n+]2cccc(Cc3ccccc3)c2)=Cc2ccccc21,0.000449968,0.000449968,0.000449968,positive
pos501,O=C(CC1CCC2C(COCCCN2Cc2ccccc2)O1)NCc1ccc(Oc2ccccc2)cc1,0.000449215,0.000449215,0.000449215,positive
pos502,O=C1CCC(CCC2CCC3C2=CCC2CCCCC23)O1,0.000447707,0.000447707,0.000447707,positive
pos503,O=C1c2ccccc2-n2c1nc1ccccc1c2=O,0.000445129,0.000445129,0.000445129,positive
pos504,c1ccc(Cc2nc3ccccc3n2Cc2ccccc2)cc1,0.000444823,0.000444823,0.000444823,positive
pos505,c1ccc(Nc2nc3ccccc3o2)cc1,0.000442916,0.000442916,0.000442916,positive
pos506,S=C(Nc1ccccc1)Nc1ccccn1,0.000439676,0.000439676,0.000439676,positive
pos507,O=C(Oc1cccc2ccccc12)c1ccccc1,0.000433132,0.000433132,0.000433132,positive
pos508,O=C1c2ccccc2-c2nnc(-c3ccccc3)cc21,0.000432224,0.000432224,0.000432224,positive
pos509,S=C1CC(c2ccccc2)CC=N1,0.000429943,0.000429943,0.000429943,positive
pos510,O=C(Nc1ccccc1)N1CCOC1,0.000429542,0.000429542,0.000429542,positive
pos511,c1cc(Nc2nc(C34CC5CC(CC(C5)C3)C4)cs2)ncn1,0.000429506,0.000429506,0.000429506,positive
pos512,O=C1NC(=S)N=C1Cc1coc2ccccc2c1=O,0.00042644,0.00042644,0.00042644,positive
pos513,c1ccc(-c2nc(SCc3nnc(-c4ccccc4)o3)c3ccccc3n2)cc1,0.000426,0.000426,0.000426,positive
pos514,c1ccc(-c2cccc(-c3ccco3)c2)cc1,0.000425986,0.000425986,0.000425986,positive
pos515,O=C(Nc1ccc(N2CCNCC2)cc1)c1ccc(-c2ccccc2)o1,0.00042461,0.00042461,0.00042461,positive
pos516,O=C(Nc1ccc(Oc2ncnc3sc(-c4ccccc4)cc23)cc1)c1ccccc1,0.000424188,0.000424188,0.000424188,positive
pos517,O=C1CCCC2=NC(Nc3nc4ccccc4o3)=NC3(CCCCC3)C12,0.000422741,0.000422741,0.000422741,positive
pos518,O=C(NC1CCCCC1)c1cccc2c1C(=O)c1ccc(-c3ccccc3)cc1S2(=O)=O,0.000421019,0.000421019,0.000421019,positive
pos519,c1ccc2oc(Oc3ccc(OCCN4CCCCC4)cc3)nc2c1,0.000420042,0.000420042,0.000420042,positive
pos520,O=C(Nc1ccccc1)N1CCCCN2CC(c3ccc(C#Cc4ccccc4)cc3)C2C1,0.000418717,0.000418717,0.000418717,positive
pos521,O=C(NC1CC1)c1ccc(=O)n(Cc2ccccc2)c1,0.000417363,0.000417363,0.000417363,positive
pos522,c1ccc(CNc2ncnc3c2[nH]c2ccccc23)cc1,0.000416573,0.000416573,0.000416573,positive
pos523,O=C(c1ccc2nc(-c3ccco3)c(-c3ccco3)nc2c1)N1CCN(c2ccccc2)CC1,0.000414492,0.000414492,0.000414492,positive
pos524,O=C(NN=Cc1ccccc1)c1conc1-c1ccccc1,0.00041437,0.00041437,0.00041437,positive
pos525,O=C(Nc1ccccc1)N1Cc2[nH]c3ccccc3c2C2(CN(Cc3ccccc3)C2)C1,0.000414191,0.000414191,0.000414191,positive
pos526,O=C(CC(=O)c1ccc2occc2c1)c1ccc2c(c1)OCO2,0.000413095,0.000413095,0.000413095,positive
pos527,O=C(C1CC1)N1CCc2ccccc21,0.000412973,0.000412973,0.000412973,positive
pos528,O=C(NC1CCCC1)c1cnc2ccccc2c1,0.000412544,0.000412544,0.000412544,positive
pos529,O=C(Nc1ccc2nc(-c3ccco3)c(-c3ccco3)nc2c1)N1CCN(c2ccccn2)CC1,0.000412412,0.000412412,0.000412412,positive
pos530,C(#Cc1cccc(-c2c[nH]c3cncnc23)c1)Cc1cnccn1,0.000410575,0.000410575,0.000410575,positive
pos531,O=C(COC(=O)CN1C(=O)c2ccccc2C1=O)Nc1ccccc1,0.000407107,0.000407107,0.000407107,positive
pos532,O=c1cc[nH]c2c1sc1ncccc12,0.000404121,0.000404121,0.000404121,positive
pos533,C(#Cc1nccs1)c1ccc(-c2c[nH]c(-c3ccccc3)n2)cn1,0.000403225,0.000403225,0.000403225,positive
pos534,c1ccc(-c2cccc(-c3ccccc3)n2)cc1,0.000399394,0.000399394,0.000399394,positive
pos535,O=c1ccc2cccc(CC3CCC=CC3c3cccc4ccc(=O)oc34)c2o1,0.000399358,0.000399358,0.000399358,positive
pos536,O=C(Nc1ccc(CN2CCNCC2)cc1)c1cccc(NC(=O)c2cncc(-c3cccs3)c2)c1,0.000399357,0.000399357,0.000399357,positive
pos537,O=S(=O)(Nc1ccccc1)c1ccc(NC(=S)Nc2ccccc2)cc1,0.000398599,0.000398599,0.000398599,positive
pos538,c1ccc(Cc2ccc(-c3c[nH]c(-c4ccccc4)n3)cc2)cc1,0.000395397,0.000395397,0.000395397,positive
pos539,O=C(Nc1ccccc1)c1[nH]ncc1N=Cc1ccccc1,0.000395369,0.000395369,0.000395369,positive
pos540,O=c1c2[nH]c3ccccc3c2[nH]c(=S)n1Cc1ccccc1,0.000393942,0.000393942,0.000393942,positive
pos541,O=C(c1cc2ccccc2oc1=O)N1CCNCC1,0.000393526,0.000393526,0.000393526,positive
pos542,O=C(Nc1ccccc1)C1C2CC3OC(=O)C1C3C2,0.000393099,0.000393099,0.000393099,positive
pos543,O=C(NCCC1CCOCC1)c1ccc(=O)n(Cc2ccccc2)c1,0.000391775,0.000391775,0.000391775,positive
pos544,c1ccc(-c2n[nH]c(-c3ccccc3)n2)cc1,0.00039138,0.00039138,0.00039138,positive
pos545,O=C(NC(=S)Nc1ccc2c(c1)oc1ccccc12)c1ccccc1,0.000388459,0.000388459,0.000388459,positive
pos546,O=c1c(Oc2ccccc2)coc2ccccc12,0.000384201,0.000384201,0.000384201,positive
pos547,O=C(Nc1cccc(Nc2ccc3c(c2)CCCCC3=O)c1)c1ccccc1,0.000383291,0.000383291,0.000383291,positive
pos548,c1ccc(Sc2ccc(-c3c[nH]c(-c4ccccc4)n3)cc2)cc1,0.000383081,0.000383081,0.000383081,positive
pos549,O=S(=O)(Nc1cccc(-c2ccc3nncn3n2)c1)c1ccccc1,0.000381785,0.000381785,0.000381785,positive
pos550,O=C(Nc1nc2ccccc2s1)c1ccco1,0.000379754,0.000379754,0.000379754,positive
pos551,O=C(CCn1c(=S)[nH]c2cc3c(cc2c1=O)OCO3)N1CCN(c2ccccc2)CC1,0.00037942,0.00037942,0.00037942,positive
pos552,O=C(c1ccccc1)C1NCC(c2cccs2)=[NH+]1,0.000376675,0.000376675,0.000376675,positive
pos553,C(#Cc1ccc(-c2c[nH]c(-c3ccccc3)n2)cn1)c1cccnc1,0.000373005,0.000373005,0.000373005,positive
pos554,O=C(NCCc1c[nH]c2ccccc12)c1ccc(-c2ccccc2)nc1,0.000369147,0.000369147,0.000369147,positive
pos555,c1cnccn1,0.000364889,0.000364889,0.000364889,positive
pos556,C(=Nn1cnnc1)c1cnn(-c2ccccc2)c1,0.000363699,0.000363699,0.000363699,positive
pos557,O=C1c2ccccc2C(=O)c2occc21,0.000359546,0.000359546,0.000359546,positive
pos558,O=C(CCS(=O)(=O)c1nccc(-c2ccccc2)n1)Nc1ccon1,0.000355743,0.000355743,0.000355743,positive
pos559,O=C(Nc1c2c(nn1-c1ccccc1)C[SH+]C2)c1ccccc1,0.000349909,0.000349909,0.000349909,positive
pos560,C(#Cc1ccc2c(c1)N(c1ccncn1)CC2)Cc1nccs1,0.000349638,0.000349638,0.000349638,positive
pos561,O=C(C=Cc1cccnc1)C=Cc1cccnc1,0.000346733,0.000346733,0.000346733,positive
pos562,O=C(COc1cc2c(c3oc(=O)ccc13)CCCO2)NCc1ccccc1,0.000345296,0.000345296,0.000345296,positive
pos563,c1cc2cc(c1)Oc1ccc(cc1)CC1NCCc3ccc(cc31)Oc1cccc3c1C(C2)NCC3,0.000344097,0.000344097,0.000344097,positive
pos564,c1ccc2nc3c(nc2c1)CCc1n[nH]cc1-3,0.000342045,0.000342045,0.000342045,positive
pos565,O=C(NNC(=S)Nc1ccccc1)c1cn(-c2ccccn2)cn1,0.000341676,0.000341676,0.000341676,positive
pos566,O=C(C=c1[nH]c(=O)c(=Cc2ccccc2)s1)c1ccccc1,0.000339584,0.000339584,0.000339584,positive
pos567,O=c1oc2ccccc2cc1S(=O)(=O)c1ccccc1,0.000339359,0.000339359,0.000339359,positive
pos568,O=C1CCC(Cn2cc3cc(NC(=O)c4ccccn4)ccc3n2)N1,0.000337905,0.000337905,0.000337905,positive
pos569,O=C(Cc1ccccc1Nc1ccccc1)NCCc1ccccc1,0.000337218,0.000337218,0.000337218,positive
pos570,O=C(c1ccccc1)c1ccccc1N1CCOCC1,0.000337025,0.000337025,0.000337025,positive
pos571,O=C(Nc1ccccc1)c1ccc(=O)n(-c2ccccc2)n1,0.000336013,0.000336013,0.000336013,positive
pos572,O=C1CC(c2ccccc2)C=C2SCN(C3CCCCC3)CN12,0.000335741,0.000335741,0.000335741,positive
pos573,O=C(NCCc1ccccc1)c1cccnc1,0.00033556,0.00033556,0.00033556,positive
pos574,O=C(c1ccccc1)c1ccc(=O)n(-c2nccs2)c1,0.000335474,0.000335474,0.000335474,positive
pos575,O=C(C=C1Nc2ccccc2S1)c1cccs1,0.000334382,0.000334382,0.000334382,positive
pos576,c1ccc(Nc2cc3ccc4ccccc4c3[nH]2)cc1,0.000329345,0.000329345,0.000329345,positive
pos577,c1ccc(CCc2ccc(-c3c[nH]c(-c4ccccc4)n3)cc2)cc1,0.00032906,0.00032906,0.00032906,positive
pos578,O=C(NC1CC1)c1ccc(=O)n(Cc2cccc3cc[nH]c23)c1,0.000328589,0.000328589,0.000328589,positive
pos579,O=C1CCCC(=O)C1C1c2ccccc2OC2=CCCC(=O)C21,0.000326324,0.000326324,0.000326324,positive
pos580,O=C(NNc1ncnc2ccccc12)c1ccccc1,0.000325155,0.000325155,0.000325155,positive
pos581,O=C(Nc1ccccc1)c1cnc2ccccc2c1,0.000324857,0.000324857,0.000324857,positive
pos582,O=C(CCC1CCCN(C(=O)c2ccccc2)C1)N1CCN(c2ccccn2)CC1,0.000324029,0.000324029,0.000324029,positive
pos583,O=C(N=CCc1c2ccccc2cc2ccccc12)c1ccccc1,0.00032069,0.00032069,0.00032069,positive
pos584,O=C(Nc1nncs1)c1ccc(-c2ccccc2)o1,0.00032056,0.00032056,0.00032056,positive
pos585,O=c1cnn2c(=O)c(=Cc3ccccc3)sc2n1,0.000318484,0.000318484,0.000318484,positive
pos586,C=C1SCC(=O)N1CC(=O)c1ccc[nH]1,0.000318019,0.000318019,0.000318019,positive
pos587,O=c1cc[nH]c(=S)[nH]1,0.000317386,0.000317386,0.000317386,positive
pos588,c1ccc2sc(Cc3ccnc(NCCN4CCCCC4)n3)nc2c1,0.000316904,0.000316904,0.000316904,positive
pos589,c1cncc(CNc2ccc(Cc3c[nH]c4ncccc34)cn2)c1,0.000315999,0.000315999,0.000315999,positive
pos590,O=c1cc[nH]c(SCCCOc2ccccc2)n1,0.000313433,0.000313433,0.000313433,positive
pos591,O=C(c1ccncc1)N1CCCCN2CC(c3ccc(C#Cc4ccccc4)cc3)C2C1,0.000313381,0.000313381,0.000313381,positive
pos592,O=C(NNC(=S)Nc1ccccc1)c1ccn[nH]1,0.000312138,0.000312138,0.000312138,positive
pos593,O=S(=O)(c1cccs1)c1cn(N=Cc2ccccc2)c2nc3ccccc3nc12,0.000309171,0.000309171,0.000309171,positive
pos594,C(=NOCc1ccccc1)c1cccs1,0.000307169,0.000307169,0.000307169,positive
pos595,c1coc(-c2ccc3ccsc3n2)c1,0.000307046,0.000307046,0.000307046,positive
pos596,c1ccc2c(c1)CC1C3CCC(CN1C2)N3,0.000305331,0.000305331,0.000305331,positive
pos597,O=c1[nH]c2ccccc2n(OCc2ccccc2)c1=O,0.000305,0.000305,0.000305,positive
pos598,O=C(c1ccccc1)c1cnc2oncc2c1,0.00030469,0.00030469,0.00030469,positive
pos599,C1=CC2OC1c1cn(-c3ccccc3-c3ccccc3)cc12,0.000301646,0.000301646,0.000301646,positive
pos600,O=C(Cc1ccccc1)NCCc1ccc(OCc2ccccc2)cc1,0.000299728,0.000299728,0.000299728,positive
pos601,O=C(COC(=O)CNS(=O)(=O)C=Cc1ccccc1)NC1CCS(=O)(=O)C1,0.000298722,0.000298722,0.000298722,positive
pos602,O=C(c1ccc(NS(=O)(=O)C=Cc2ccccc2)cc1)N1CCCCC1,0.000297025,0.000297025,0.000297025,positive
pos603,O=C1CCCC(=O)C1=CNCCN1CCNCC1,0.000296908,0.000296908,0.000296908,positive
pos604,O=C1C=C(Cc2ccccc2)C(=O)c2ccccc21,0.000294688,0.000294688,0.000294688,positive
pos605,C(#CC1CCCCCC1)c1cc(-n2ccc3cncnc32)ccn1,0.000293788,0.000293788,0.000293788,positive
pos606,C(#CC1CCCCC1)c1cc(-n2ccc3cncnc32)ccn1,0.000293788,0.000293788,0.000293788,positive
pos607,c1ccc(-c2nc(-c3ccccc3)c(-c3ccncc3)[nH]2)cc1,0.000292588,0.000292588,0.000292588,positive
pos608,O=C(Nc1cccnc1)C12CC3CCC1C3CO2,0.000288755,0.000288755,0.000288755,positive
pos609,O=S(=O)(NN=Cc1ccccc1)c1ccccc1,0.00028668,0.00028668,0.00028668,positive
pos610,O=C1Nc2ccccc2C(=O)C1Cc1ccccc1,0.000284851,0.000284851,0.000284851,positive
pos611,C1=CC2c3ccccc3NCC2C1,0.000284699,0.000284699,0.000284699,positive
pos612,c1ccc(-n2ccc3ccccc32)cc1,0.000283743,0.000283743,0.000283743,positive
pos613,O=c1c2c(-c3cccs3)csc2ncn1N=Cc1ccccc1,0.000282497,0.000282497,0.000282497,positive
pos614,O=C(NCCC(c1ccccc1)c1ccccc1)c1cccnc1,0.0002824,0.0002824,0.0002824,positive
pos615,C(#CC1CCC1)c1cc(-n2ccc3cncnc32)ccn1,0.00028207,0.00028207,0.00028207,positive
pos616,c1ccc(Nc2ccnc(Nc3ccc(-c4ccsc4)cn3)n2)cc1,0.000278582,0.000278582,0.000278582,positive
pos617,O=C1C(=Cc2ccccc2)C=C(c2ccccc2)N1c1ccccc1,0.000278492,0.000278492,0.000278492,positive
pos618,O=C(OCC(=O)C12CC3CC(CC(C3)C1)C2)c1ccccc1,0.000278442,0.000278442,0.000278442,positive
pos619,c1ccc(CNc2ccnc3ccccc23)cc1,0.000275993,0.000275993,0.000275993,positive
pos620,O=C1NC(=S)SC1=C1C(=O)Nc2ccccc21,0.000274654,0.000274654,0.000274654,positive
pos621,c1ccc(-c2nc3sc4cncnc4c3c3c2CCCC3)cc1,0.000266424,0.000266424,0.000266424,positive
pos622,c1ccc(C2OCC3C(c4ccccc4)OCC23)cc1,0.000264947,0.000264947,0.000264947,positive
pos623,O=C(NC1CNC1=O)OCc1ccc(C2CCCC2)cc1,0.00026467,0.00026467,0.00026467,positive
pos624,O=C(CSc1cccc(-c2ccccc2)n1)Nc1ccccc1,0.000262402,0.000262402,0.000262402,positive
pos625,O=C1CC(c2cccc3ccccc23)C=C2SCNCN12,0.000261698,0.000261698,0.000261698,positive
pos626,O=S(=O)(Nc1ccccc1)c1ccsc1,0.000261104,0.000261104,0.000261104,positive
pos627,O=S(=O)(Nc1n[nH]c2nc3ccccc3cc12)c1ccccc1,0.000259692,0.000259692,0.000259692,positive
pos628,c1ccc(-c2n[nH]c3ncncc23)cc1,0.000258701,0.000258701,0.000258701,positive
pos629,O=C1COc2ccc3ccccc3c2CN1,0.000256618,0.000256618,0.000256618,positive
pos630,O=C(NCCCN1CCOCC1)c1cc2ccccc2s1,0.000255244,0.000255244,0.000255244,positive
pos631,O=C(CCS(=O)(=O)c1cccs1)Nc1ccc(C(=O)NCc2ccccc2)cc1,0.00025518,0.00025518,0.00025518,positive
pos632,O=C1CC(c2ccco2)C=C2SCN(c3ccccc3)CN12,0.000254893,0.000254893,0.000254893,positive
pos633,O=C1c2ccccc2C(=O)C1C1=NC(c2ccccn2)c2cn(-c3ccccc3)cc21,0.00025312,0.00025312,0.00025312,positive
pos634,O=C(COC(=O)CCc1c[nH]c2ccccc12)Nc1ccccc1,0.000252205,0.000252205,0.000252205,positive
pos635,C=C1CCC2OC2CCC2CCC12,0.000251804,0.000251804,0.000251804,positive
pos636,O=C(Oc1ccccc1)c1cc2ccccc2oc1=O,0.000251413,0.000251413,0.000251413,positive
pos637,O=C1CC=NC1Nc1nc2ccccc2s1,0.000251187,0.000251187,0.000251187,positive
pos638,O=C(Nc1ccc2n[nH]cc2c1)c1coc(-c2ccncc2)n1,0.000250519,0.000250519,0.000250519,positive
pos639,c1cc(CCn2ccnc2)cc(OCCC2Cc3ccccc3C2)c1,0.000250242,0.000250242,0.000250242,positive
pos640,O=C(CSc1ccc(-c2ccc(-n3cccn3)cc2)nn1)Nc1ccccc1,0.000248835,0.000248835,0.000248835,positive
pos641,S=c1sc(C=CC=CC=Nc2ccccc2)cn1Cc1ccccc1,0.000247658,0.000247658,0.000247658,positive
pos642,O=C(CCCCCCCCc1ccccc1)c1ccccc1,0.000247445,0.000247445,0.000247445,positive
pos643,c1ccc(-c2cc(C3CCN(c4ccccc4)CC3)[nH]n2)cc1,0.000246827,0.000246827,0.000246827,positive
pos644,c1ccc(COc2ccc(-c3ccnc4c3CCCC4)cc2)cc1,0.000246762,0.000246762,0.000246762,positive
pos645,O=c1c2c(-c3ccccc3)csc2nc2c3ccccc3cnn12,0.000242985,0.000242985,0.000242985,positive
pos646,c1ccc(Nc2ncnc3sc(-c4ccccc4)cc23)cc1,0.000242793,0.000242793,0.000242793,positive
pos647,O=C(Nc1ccc2ccc(=O)oc2c1)c1ccccc1,0.000241959,0.000241959,0.000241959,positive
pos648,O=C(Nc1ccc(CN2CCNCC2)cc1)c1cccc(NC(=O)N2CCNC2=O)c1,0.000241123,0.000241123,0.000241123,positive
pos649,O=C(Nc1ccccc1)c1cc2ccccc2oc1=O,0.000239069,0.000239069,0.000239069,positive
pos650,O=C(NC1CCNCC1)c1ccc(N2CCCC2)nc1,0.0002313,0.0002313,0.0002313,positive
pos651,O=C(NC(=S)Nc1cccc(NC(=S)NC(=O)c2ccccc2)c1)c1ccccc1,0.000229011,0.000229011,0.000229011,positive
pos652,c1ccc2c(c1)CCNC2,0.000226921,0.000226921,0.000226921,positive
pos653,O=C1CSc2ccc(C(=O)NCc3ccccc3)cc2N1,0.000226188,0.000226188,0.000226188,positive
pos654,c1cnc(NCCNc2ncccn2)nc1,0.000225803,0.000225803,0.000225803,positive
pos655,O=C1C(=Cc2cccnc2)CNCC1=Cc1cccnc1,0.000223158,0.000223158,0.000223158,positive
pos656,c1ccc2nc(-c3ccc4ccccc4n3)ccc2c1,0.000222022,0.000222022,0.000222022,positive
pos657,S=C(Nc1ccccc1)Nc1ccc2c(c1)CCN2Cc1ccccc1,0.000221975,0.000221975,0.000221975,positive
pos658,O=C(OCc1ccccc1)c1ccccc1,0.000221733,0.000221733,0.000221733,positive
pos659,O=C(NC1CC1)c1ccc(=O)n(CC2CCOCC2)c1,0.00022154,0.00022154,0.00022154,positive
pos660,O=C(NC1CC1)c1ccc(=O)n(Cc2cccc3c[nH]nc23)c1,0.00021815,0.00021815,0.00021815,positive
pos661,O=C(Nc1cccc(Nc2ccc3c(c2)CCc2ccccc2C3=O)c1)c1ccco1,0.000216107,0.000216107,0.000216107,positive
pos662,c1ccc2c(c1)[nH]c1c(N3CCCCC3)ncnc12,0.00021502,0.00021502,0.00021502,positive
pos663,O=C(CSc1nc(-c2ccccc2)nc2ccccc12)NCc1ccco1,0.000214992,0.000214992,0.000214992,positive
pos664,O=C(NC1CCSc2ccccc21)c1ccccc1,0.000214985,0.000214985,0.000214985,positive
pos665,O=C(C=Cc1ccco1)NCC(=O)Nc1ccccc1,0.000213886,0.000213886,0.000213886,positive
pos666,C=C1C=c2c(ccc3ccccc23)=N1,0.000213738,0.000213738,0.000213738,positive
pos667,c1ccc(-c2cc(-c3ccccn3)on2)cc1,0.000213264,0.000213264,0.000213264,positive
pos668,O=C(NC1CC1)c1cccc(Nc2ccc3c(c2)CCCCC3=O)c1,0.000211986,0.000211986,0.000211986,positive
pos669,O=C(Nc1cccc(-c2cnc3ccccc3n2)c1)c1cccc(NC(=O)c2ccco2)c1,0.000211889,0.000211889,0.000211889,positive
pos670,O=C1C(=O)N(Cc2cccs2)c2ccccc21,0.00021117,0.00021117,0.00021117,positive
pos671,O=C(NCc1ccccc1)N1CCC(NS(=O)(=O)c2ccccc2)CC1,0.000210081,0.000210081,0.000210081,positive
pos672,O=C(Nc1cccc(C#Cc2cncc(-c3cn[nH]c3)c2)c1)c1ccccc1,0.000209286,0.000209286,0.000209286,positive
pos673,O=C(Nc1cccc(-c2cn3cccnc3n2)c1)c1conc1-c1ccccc1,0.000209134,0.000209134,0.000209134,positive
pos674,O=C1CCCCC1C=Nc1ccc2c(c1)OCO2,0.000205667,0.000205667,0.000205667,positive
pos675,O=C(Nc1ccc(N2CCCC2)c(S(=O)(=O)Nc2ccccc2)c1)c1ccncc1,0.000205369,0.000205369,0.000205369,positive
pos676,c1ccc(-c2ccccn2)cc1,0.000203938,0.000203938,0.000203938,positive
pos677,O=C(c1cc(-c2ccccc2)nc2ccccc12)N1CCC=N1,0.000203653,0.000203653,0.000203653,positive
pos678,O=C(Nc1ccccc1)Nc1cccnc1,0.000202859,0.000202859,0.000202859,positive
pos679,c1ccc(C2=NN=C(c3cccs3)Nc3ccccc32)cc1,0.000202569,0.000202569,0.000202569,positive
pos680,O=C(C1CC1)N1CCC(Nc2ccccc2)CC1,0.000202199,0.000202199,0.000202199,positive
pos681,O=C(NCCc1c[nH]c2ccccc12)c1ccccc1,0.000198633,0.000198633,0.000198633,positive
pos682,c1ccc(-n2ccc3nc4ccccc4nc32)cc1,0.000196128,0.000196128,0.000196128,positive
pos683,O=S(=O)(Nc1c[nH]c2ccccc12)c1cccs1,0.000195672,0.000195672,0.000195672,positive
pos684,O=C(CN1CCNCC1)Nc1ccccc1C(=O)Nc1ccccc1,0.000194057,0.000194057,0.000194057,positive
pos685,O=C(Nc1ccncc1)c1ccccc1,0.000193648,0.000193648,0.000193648,positive
pos686,O=C(Nc1ccccc1)c1cccc(Nc2cnccn2)c1,0.000193252,0.000193252,0.000193252,positive
pos687,N=c1[nH]c(-c2ccccc2)cs1,0.000192938,0.000192938,0.000192938,positive
pos688,O=S(=O)(Nc1ccccc1)c1coc2ccccc12,0.000191978,0.000191978,0.000191978,positive
pos689,O=C(NCCSc1ccccc1)c1ccccc1,0.000191146,0.000191146,0.000191146,positive
pos690,O=C(NCc1ccccc1)c1cnc2ccccc2c1,0.000190792,0.000190792,0.000190792,positive
pos691,O=C(NC1CCCC1)Oc1cccc(-c2ccccc2)c1,0.000187671,0.000187671,0.000187671,positive
pos692,O=C(NCCNc1ccnc2ccccc12)c1ccccc1,0.000186669,0.000186669,0.000186669,positive
pos693,O=C(Nc1ccc(CN2CCNCC2)cc1)c1cccc(NC(=O)c2cccc3[nH]ccc23)c1,0.000185631,0.000185631,0.000185631,positive
pos694,c1csc(-c2nc(CNCc3cccc4cnccc34)co2)c1,0.000185084,0.000185084,0.000185084,positive
pos695,O=C(NC(=S)NC1CCNCC1)C12CC3CC(CC(C3)C1)C2,0.000183877,0.000183877,0.000183877,positive
pos696,O=C(c1c[nH]c2ccc(S(=O)(=O)Nc3ccccc3)cc2c1=O)N1CCCCC1,0.000183229,0.000183229,0.000183229,positive
pos697,O=C1C(=O)N(CCN2CCOCC2)C(c2ccccc2)C1C(=O)c1ccc2c(c1)CCO2,0.000181666,0.000181666,0.000181666,positive
pos698,c1ccc(-c2nc3ccccc3[nH]2)cc1,0.000181625,0.000181625,0.000181625,positive
pos699,O=C1N=CC(C(=O)OCc2ccccc2)C(c2ccccc2)N1,0.000179592,0.000179592,0.000179592,positive
pos700,c1ccc2cc(OCc3cscn3)ccc2c1,0.000179556,0.000179556,0.000179556,positive
pos701,S=C(Nc1ccccc1)N1CCCCC1,0.000179481,0.000179481,0.000179481,positive
pos702,c1ccc(C(Nc2ccccn2)c2ccc3cccnc3c2)cc1,0.00017793,0.00017793,0.00017793,positive
pos703,c1ccc(-c2ccn3c(c2)nc2ccccc23)cc1,0.000176541,0.000176541,0.000176541,positive
pos704,O=C(NCc1c[nH]cn1)c1cnc2ccccc2c1,0.000172604,0.000172604,0.000172604,positive
pos705,O=C(NC1CNC1=O)OCCCCc1ccccn1,0.000172027,0.000172027,0.000172027,positive
pos706,O=C(NCCN1CCCC1)C1CCN(C(=O)NCc2ccccc2)CC1,0.000171315,0.000171315,0.000171315,positive
pos707,O=C(Nc1cnccn1)c1cc2ccccc2[nH]c1=O,0.000171024,0.000171024,0.000171024,positive
pos708,O=C(Nc1ccccc1)N1CCCCN2CC(c3ccccc3)C2C1,0.000169157,0.000169157,0.000169157,positive
pos709,c1ccc(Oc2cccnc2)cc1,0.000169107,0.000169107,0.000169107,positive
pos710,c1ccc(-c2cc[nH]n2)cc1,0.000167858,0.000167858,0.000167858,positive
pos711,O=S(=O)(c1ccccc1)N1CCc2ccccc21,0.000161828,0.000161828,0.000161828,positive
pos712,O=c1[nH]cnc2c1ccn2-c1ccccc1,0.000161556,0.000161556,0.000161556,positive
pos713,O=C(COc1ncnc2ccccc12)NCCc1ccccc1,0.000160814,0.000160814,0.000160814,positive
pos714,O=C(CCS(=O)(=O)c1ccccc1)NCc1ccco1,0.000157386,0.000157386,0.000157386,positive
pos715,c1ccc(CC2CCN(c3ccccc3)CC2)cc1,0.000154158,0.000154158,0.000154158,positive
pos716,O=C1CC(c2ccccc2)c2ccccc2N1,0.000153649,0.000153649,0.000153649,positive
pos717,O=C(c1ccccc1)C12CNCN(CNC1)C2,0.000152052,0.000152052,0.000152052,positive
pos718,c1ccc(Nc2ncnc3[nH]cnc23)cc1,0.000145026,0.000145026,0.000145026,positive
pos719,O=C(Nc1ccccc1)c1cccc(C#Cc2cncc(-c3cn[nH]c3)c2)c1,0.000144112,0.000144112,0.000144112,positive
pos720,S=C(Nc1ccccc1)Nc1ccc2c[nH]nc2c1,0.000141095,0.000141095,0.000141095,positive
pos721,c1cnc(Sc2ncncn2)nc1,0.000140092,0.000140092,0.000140092,positive
pos722,O=C(Nc1ccccc1)C(Sc1ccccc1)c1ccccc1,0.000139687,0.000139687,0.000139687,positive
pos723,O=C(c1ccccc1)c1coc2ccccc12,0.000138382,0.000138382,0.000138382,positive
pos724,C(#Cc1conc1-c1ccccc1)c1ccccc1,0.000137625,0.000137625,0.000137625,positive
pos725,O=c1ccccn1Cc1ccccc1,0.000136176,0.000136176,0.000136176,positive
pos726,O=S(=O)(CC(CN1CCCCC1)N1CCCCC1)c1ccccc1,0.000135078,0.000135078,0.000135078,positive
pos727,O=C1CCCCC1C=Nc1ccccn1,0.00013384,0.00013384,0.00013384,positive
pos728,O=c1cccnn1Cc1nnc(-c2ccccc2)o1,0.000133676,0.000133676,0.000133676,positive
pos729,c1nc(C2CCOCC2)cs1,0.000133045,0.000133045,0.000133045,positive
pos730,O=C(CCS(=O)(=O)c1ccccc1)Nc1ccc2c(c1)OCO2,0.0001328,0.0001328,0.0001328,positive
pos731,O=C(c1ccc2cc3c(nc2c1)CCCC3)N1CCN(c2ccccc2)CC1,0.000132112,0.000132112,0.000132112,positive
pos732,N=C1CC(c2cccs2)c2c[nH]nc2O1,0.0001315,0.0001315,0.0001315,positive
pos733,N=C1NC2=C(CCCC2)C2(CCCCC2)S1,0.000130735,0.000130735,0.000130735,positive
pos734,c1ccc(CCCn2cncn2)cc1,0.000129373,0.000129373,0.000129373,positive
pos735,O=c1c2ccccc2nc(-c2ccco2)n1-c1ccccn1,0.000127847,0.000127847,0.000127847,positive
pos736,O=C(OCc1cc(=O)n2c(n1)sc1ccccc12)c1ccccc1,0.000126965,0.000126965,0.000126965,positive
pos737,c1ccn2cc(-c3ccc4c(c3)OCCO4)nc2c1,0.000123284,0.000123284,0.000123284,positive
pos738,O=C1c2cccc(OCC(=O)N3CCCc4ccccc43)c2CCN1Cc1ccccc1,0.000118744,0.000118744,0.000118744,positive
pos739,O=c1nc(Nc2ccccc2)sc2ncccc12,0.000118522,0.000118522,0.000118522,positive
pos740,c1ccc(CNc2ncnc3scc(-c4cccs4)c23)nc1,0.000116997,0.000116997,0.000116997,positive
pos741,S=C1NC2=C(C(c3ccccc3)N1)N1CCC2CC1,0.000114178,0.000114178,0.000114178,positive
pos742,O=C(CSc1ccc(-c2nc3ccccc3[nH]2)cn1)N1CCc2ccccc21,0.000111171,0.000111171,0.000111171,positive
pos743,O=C(OCn1cncn1)c1ccccc1,0.000110466,0.000110466,0.000110466,positive
pos744,S=C(NCc1ccco1)Nc1ccccc1,0.000109813,0.000109813,0.000109813,positive
pos745,O=C(Nc1nc2ccccc2s1)C1=CN=C2CCCC(=O)C2C1c1ccccc1,0.000106737,0.000106737,0.000106737,positive
pos746,O=C1CC(OC2CCCCO2)CC(OC2CC(NCc3ccccc3-c3c[nH]nn3)CCO2)CCCCNCCCCO1,0.000106151,0.000106151,0.000106151,positive
pos747,c1ccc(Nc2ccnc(-c3cccs3)n2)cc1,0.000106134,0.000106134,0.000106134,positive
pos748,S=C(NCc1ccco1)Nc1ccccn1,0.000105728,0.000105728,0.000105728,positive
pos749,O=C1CC(CCC2CCCCC2=O)CC(=O)N1,0.000104358,0.000104358,0.000104358,positive
pos750,O=C(COc1ccccc1)Nc1ncc2c(n1)CCCC2=O,0.000103869,0.000103869,0.000103869,positive
pos751,O=C(Cc1cnc(N2CCCC2)s1)Nc1ccc(C(=O)NCc2ccccc2)cc1,0.00010275,0.00010275,0.00010275,positive
pos752,O=c1oc(-c2conc2-c2ccccc2)nc2ccccc12,0.000100768,0.000100768,0.000100768,positive
pos753,N=C1CC(c2ccoc2)C(C(=O)OCc2ccccc2)=CO1,0.000100528,0.000100528,0.000100528,positive
pos754,N=C1N(CCCC2CCCC2)CCN1CCN1CCCC1CN1C=NCC1Cc1ccccc1,1.00E-04,1.00E-04,1.00E-04,positive
pos755,c1ccc2c(Cc3ccc4c(c3)OCO4)nccc2c1,9.99E-05,9.99E-05,9.99E-05,positive
pos756,c1ccc(Nc2nc(-n3cccn3)nc(-n3cccn3)n2)cc1,9.77E-05,9.77E-05,9.77E-05,positive
pos757,c1coc(-c2nc3sc4c(N5CCNCC5)ncnc4c3c3c2CCC3)c1,9.74E-05,9.74E-05,9.74E-05,positive
pos758,O=c1cc(-c2ccc(OCCCN3CCNCC3)cc2)oc2ccccc12,9.48E-05,9.48E-05,9.48E-05,positive
pos759,S=P(c1ncc[nH]1)(c1ncc[nH]1)N1CCOCC1,9.38E-05,9.38E-05,9.38E-05,positive
pos760,O=C(NC1CC1)C1CCC(n2cnc3cncnc32)O1,9.35E-05,9.35E-05,9.35E-05,positive
pos761,O=C(NCCNC(=O)c1nc[nH]c1C(=O)Nc1ccccc1)c1nc[nH]c1C(=O)Nc1ccccc1,9.18E-05,9.18E-05,9.18E-05,positive
pos762,c1ccc(Cn2nnnc2-c2cccs2)cc1,9.11E-05,9.11E-05,9.11E-05,positive
pos763,C=c1sc(=Cc2ccc(Nc3ccccc3)cc2)c(=O)n1Cc1ccco1,8.98E-05,8.98E-05,8.98E-05,positive
pos764,O=C1CCCc2c1[nH]c1ccccc21,8.95E-05,8.95E-05,8.95E-05,positive
pos765,c1ccc(-c2csc3ncnc(N4CCNCC4)c23)cc1,8.91E-05,8.91E-05,8.91E-05,positive
pos766,O=C(Cn1sc2ncccc2c1=O)Nc1ccccc1,8.55E-05,8.55E-05,8.55E-05,positive
pos767,O=c1[nH]c2nc3ccccc3nc2c(=O)n1Cc1ccccc1,8.54E-05,8.54E-05,8.54E-05,positive
pos768,O=C(Nc1nc2ccccc2s1)c1cccc(S(=O)(=O)N2CCc3ccccc32)c1,8.53E-05,8.53E-05,8.53E-05,positive
pos769,c1ccc(Cc2cncs2)cc1,8.50E-05,8.50E-05,8.50E-05,positive
pos770,O=C(Nc1ccn[nH]1)c1cnc2ccccc2c1,8.40E-05,8.40E-05,8.40E-05,positive
pos771,O=S(=O)(Nc1ccccn1)c1cccc2ccccc12,8.27E-05,8.27E-05,8.27E-05,positive
pos772,O=C(c1ccccc1)c1c[nH]n(-c2ccccc2)c1=O,8.26E-05,8.26E-05,8.26E-05,positive
pos773,S=C1NCCS1,8.22E-05,8.22E-05,8.22E-05,positive
pos774,O=C(CC=NCCc1ccccc1)C1C(=O)CCCC1=O,8.13E-05,8.13E-05,8.13E-05,positive
pos775,O=C1CC(c2ccccc2)=CC(c2ccccc2)C1,8.11E-05,8.11E-05,8.11E-05,positive
pos776,C(Cc1nc(-c2ccccc2)cs1)=Nc1ccc2c(c1)OCCO2,7.97E-05,7.97E-05,7.97E-05,positive
pos777,c1cc2cc(c1)Oc1ccc(cc1)CC1NCCc3ccc4c(c31)Oc1c(ccc3c1C(C2)NCC3)O4,7.86E-05,7.86E-05,7.86E-05,positive
pos778,N=C(Nc1ccccc1)Nc1ccccc1,7.83E-05,7.83E-05,7.83E-05,positive
pos779,c1ccc(-c2[nH]nc3cccnc23)cc1,7.43E-05,7.43E-05,7.43E-05,positive
pos780,O=C(Nc1ccn(Cc2ccccc2)n1)c1cc(-c2ccccc2)on1,7.41E-05,7.41E-05,7.41E-05,positive
pos781,O=C1C2CC3COc4ccccc4C3N2C(=O)N1c1ccccc1,7.39E-05,7.39E-05,7.39E-05,positive
pos782,N=C(Cc1cccc2ccccc12)NOC(=O)c1ccco1,7.34E-05,7.34E-05,7.34E-05,positive
pos783,O=C1N(c2ccccc2)OC1(c1ccccc1)C1CCCCC1,7.32E-05,7.32E-05,7.32E-05,positive
pos784,O=C1c2ccccc2C(=O)N1c1ccc(-c2nc3ccccc3o2)cc1,7.31E-05,7.31E-05,7.31E-05,positive
pos785,O=C1CC(=NCCN2CCCCC2)C(=O)c2ccccc21,7.29E-05,7.29E-05,7.29E-05,positive
pos786,c1ccc2oc(Oc3ccc(OCCN4CCCCCC4)cc3)nc2c1,7.17E-05,7.17E-05,7.17E-05,positive
pos787,O=c1ccc2ccc(OCc3ccco3)cc2o1,7.05E-05,7.05E-05,7.05E-05,positive
pos788,O=C1C2C(c3ccccc3)C3COc4ccccc4C3N2C(=O)N1c1ccccc1,6.99E-05,6.99E-05,6.99E-05,positive
pos789,O=C(Nc1ccccc1)c1cccc(C#Cc2cccnc2)c1,6.84E-05,6.84E-05,6.84E-05,positive
pos790,c1ccc(C2C3CNCC2N3)cc1,6.59E-05,6.59E-05,6.59E-05,positive
pos791,O=C1NC(C(=O)NCc2ccccc2)C23C=CC(CC12)O3,6.48E-05,6.48E-05,6.48E-05,positive
pos792,O=C1C=C2C=CC3CC2(O1)C1CCCCN31,6.47E-05,6.47E-05,6.47E-05,positive
pos793,c1ccc(C2=NN(c3ccccc3)C(c3ccccc3)C2)cc1,6.46E-05,6.46E-05,6.46E-05,positive
pos794,O=C(Nc1ccccc1)c1cn2cc(-c3ccccc3)nc2s1,5.99E-05,5.99E-05,5.99E-05,positive
pos795,c1ccc2c(c1)Nc1ccccc1S2,5.86E-05,5.86E-05,5.86E-05,positive
pos796,O=C1N=C(Cc2ccccc2)C(=O)N1,5.85E-05,5.85E-05,5.85E-05,positive
pos797,C1=NCCc2c1[nH]c1ccccc21,5.78E-05,5.78E-05,5.78E-05,positive
pos798,c1ccc(CCNCC(Cc2cccc3ccccc23)NCCc2ccccc2)cc1,5.59E-05,5.59E-05,5.59E-05,positive
pos799,S=c1[nH]nc(-c2ccccc2)[nH]1,5.55E-05,5.55E-05,5.55E-05,positive
pos800,O=[PH](c1ccccc1)c1ccccc1,5.49E-05,5.49E-05,5.49E-05,positive
pos801,O=C(NCCC1=CCCCC1)c1cc(COc2ccccc2)on1,5.26E-05,5.26E-05,5.26E-05,positive
pos802,O=C1C(=NS(=O)(=O)c2ccccc2)C(N2CCNCC2)C(=O)c2ccccc21,5.15E-05,5.15E-05,5.15E-05,positive
pos803,c1cn[nH]c1,4.93E-05,4.93E-05,4.93E-05,positive
pos804,O=C(CCS(=O)(=O)c1ccccc1)NCCC1=CCCCC1,4.67E-05,4.67E-05,4.67E-05,positive
pos805,c1ccc(C2CC(c3ccco3)n3ncnc3N2)cc1,4.48E-05,4.48E-05,4.48E-05,positive
pos806,O=C(NCCCCCc1ccccc1)Oc1cccc(CNCCCOc2ccc3oc(=O)c(-c4ccccc4)cc3c2)c1,4.43E-05,4.43E-05,4.43E-05,positive
pos807,c1ccc(C2CCN(Cc3cccnc3)CC2)cc1,4.43E-05,4.43E-05,4.43E-05,positive
pos808,O=C(NC1CCCCC1)Oc1cccc(-c2ccccc2)c1,4.11E-05,4.11E-05,4.11E-05,positive
pos809,O=C(c1cn(C2CCCC2)c(=O)c2[nH]c3ccccc3c12)N1CCN(c2ccccc2)CC1,3.86E-05,3.86E-05,3.86E-05,positive
pos810,c1ccc(N=c2sccn2-c2ccccc2)cc1,3.86E-05,3.86E-05,3.86E-05,positive
pos811,c1ccc(OCCN2CCC(Oc3ccccc3)CC2)cc1,3.78E-05,3.78E-05,3.78E-05,positive
pos812,O=C(CC1CC2CCC1C2)N1CCc2ccccc2C1,3.71E-05,3.71E-05,3.71E-05,positive
pos813,c1cncc(C2NCCO2)c1,3.63E-05,3.63E-05,3.63E-05,positive
pos814,S=C(N=Nc1c[nH]c2ccccc12)NCC1CCCO1,3.58E-05,3.58E-05,3.58E-05,positive
pos815,c1ccc(Nc2ccn(-c3ccccc3)c2)cc1,3.44E-05,3.44E-05,3.44E-05,positive
pos816,O=C(ON=C1CCCc2occc21)c1ccccc1,3.43E-05,3.43E-05,3.43E-05,positive
pos817,O=C(Nc1nncs1)c1ccccc1,3.38E-05,3.38E-05,3.38E-05,positive
pos818,O=c1ccc2c3cc[nH]c4ccc(=O)n(c2c1)c43,3.13E-05,3.13E-05,3.13E-05,positive
pos819,C(#Cc1cc(-n2ccc3cncnc32)ccn1)Cc1nccs1,2.94E-05,2.94E-05,2.94E-05,positive
pos820,N=c1ccc2c(=O)n3ccccc3nc2[nH]1,2.85E-05,2.85E-05,2.85E-05,positive
pos821,O=C(NC1CCSC1=O)c1ccccc1,2.84E-05,2.84E-05,2.84E-05,positive
pos822,O=C(Nc1cnn(Cc2ccccc2)c1)c1cnn2ccc(-c3ccccc3)nc12,2.65E-05,2.65E-05,2.65E-05,positive
pos823,O=S(=O)(Nc1c[nH]c2ccccc12)c1ccccc1,2.32E-05,2.32E-05,2.32E-05,positive
pos824,S=c1[nH]ccs1,2.30E-05,2.30E-05,2.30E-05,positive
pos825,O=C(OCC(=O)N1CCOCC1)c1ccc[nH]1,2.18E-05,2.18E-05,2.18E-05,positive
pos826,O=C(COC(=O)c1ccccc1Sc1ccccc1)NC(=O)c1ccc[nH]1,1.78E-05,1.78E-05,1.78E-05,positive
pos827,O=C(COC(=O)c1cc2c([nH]c3ccccc32)s1)Nc1c[nH]n(-c2ccccc2)c1=O,1.76E-05,1.76E-05,1.76E-05,positive
pos828,c1ccc(-n2ncc3cncnc32)cc1,1.73E-05,1.73E-05,1.73E-05,positive
pos829,O=C(Nc1ccc(N2CCN(C(=O)c3ccccc3)CC2)cc1)c1cccnc1,1.64E-05,1.64E-05,1.64E-05,positive
pos830,O=C(Nc1ccccc1)c1cc(-c2ccco2)on1,1.63E-05,1.63E-05,1.63E-05,positive
pos831,O=C(NCc1ccccc1)N1CCCCC1,1.61E-05,1.61E-05,1.61E-05,positive
pos832,O=C(c1ccccc1)N1N=CCC1c1ccccc1,1.55E-05,1.55E-05,1.55E-05,positive
pos833,S=c1[nH]nc(COc2ccccc2)o1,1.28E-05,1.28E-05,1.28E-05,positive
pos834,c1ccc(-c2cnn3cccnc23)cc1,1.25E-05,1.25E-05,1.25E-05,positive
pos835,O=c1ccc2c(-c3ccccc3)n[nH]c2[nH]1,1.08E-05,1.08E-05,1.08E-05,positive
pos836,O=C1C(=C2Nc3ccccc3S2)SC(=NCc2ccccc2)N1c1ccccc1,9.98E-06,9.98E-06,9.98E-06,positive
pos837,O=c1cc[nH]c2[nH]n(-c3ccccc3)c(=O)c12,9.32E-06,9.32E-06,9.32E-06,positive
pos838,N=C(N=CNCCCCCCN=CN=CNc1ccccc1)Nc1ccccc1,9.04E-06,9.04E-06,9.04E-06,positive
pos839,O=C(c1cccs1)c1cc2c(SCCN3CCCCC3)snc2s1,4.46E-06,4.46E-06,4.46E-06,positive
pos840,O=C1CC(c2ccccc2)CC(=O)C1C=NCCc1c[nH]c2ccccc12,4.14E-06,4.14E-06,4.14E-06,positive
pos841,O=C(Nn1c(C2CCC2)nc2ccccc2c1=O)c1ccccc1,2.26E-06,2.26E-06,2.26E-06,positive
pos842,O=C1Nc2ccccc2C12NCc1cn(-c3ccccc3)cc12,1.35E-06,1.35E-06,1.35E-06,positive
